index,path,category,dimensions,alpha_expected,generation_method,source_master_reference,validation_result,visual_qa_result,final_sha256,status
1,assets/ui_assets/brand/app_icon.png,brand,256x256,True,protected-logo-technical-variant,V04 master / V05 AI source atlas / protected owner asset,"decode=PASS;size=(256, 256);alpha=True",PASS_BUILDER_SOURCE_REVIEW,3919f614bf810762411481a48c1f7e8f3ff24d6f94d2d3f2f57ae03fd5f4de84,PASS
2,assets/ui_assets/brand/brand_badge_small.png,brand,128x128,True,protected-logo-technical-variant,V04 master / V05 AI source atlas / protected owner asset,"decode=PASS;size=(128, 128);alpha=True",PASS_BUILDER_SOURCE_REVIEW,48af490f8f4ff539c08c04eecc30ec3aa147b3b7b968d99420c2fa15328c149d,PASS
3,assets/ui_assets/brand/brand_wordmark_small.png,brand,360x150,True,protected-logo-technical-variant,V04 master / V05 AI source atlas / protected owner asset,"decode=PASS;size=(360, 150);alpha=True",PASS_BUILDER_SOURCE_REVIEW,31a96884c60cd9df9bcbe771061fbbaf3e1ecfb67588de22e4331cfb200e3d8e,PASS
4,assets/ui_assets/brand/legal_logo_mark.png,brand,220x220,True,protected-logo-technical-variant,V04 master / V05 AI source atlas / protected owner asset,"decode=PASS;size=(220, 220);alpha=True",PASS_BUILDER_SOURCE_REVIEW,6f67d487f74cf3ee9031f1b238b06af7ec627d7f99c01dc8c4a63719f36c01ea,PASS
5,assets/ui_assets/brand/logo_beach_cocktails_merge.png,brand,253x512,True,protected-preserved,V04 master / V05 AI source atlas / protected owner asset,"decode=PASS;size=(253, 512);alpha=True",PASS_BUILDER_SOURCE_REVIEW,b8b828ff49288e80dc9e6ca62eca95173bceac3db5b8217765d9970158160b42,PASS
6,assets/ui_assets/brand/splash_logo.png,brand,220x220,True,protected-logo-technical-variant,V04 master / V05 AI source atlas / protected owner asset,"decode=PASS;size=(220, 220);alpha=True",PASS_BUILDER_SOURCE_REVIEW,6f67d487f74cf3ee9031f1b238b06af7ec627d7f99c01dc8c4a63719f36c01ea,PASS
7,assets/ui_assets/campaign/island_map/finale_crown.png,campaign/island_map,320x180,True,AI-UI-atlas-crop,V04 master / V05 AI source atlas / protected owner asset,"decode=PASS;size=(320, 180);alpha=True",PASS_BUILDER_SOURCE_REVIEW,8cb67d7221c5117e903bc56433da9e8fdace6cbb1b073eb73fda3f3048b9e129,PASS
8,assets/ui_assets/campaign/island_map/island_summary_panel.png,campaign/island_map,440x190,True,AI-UI-atlas-crop,V04 master / V05 AI source atlas / protected owner asset,"decode=PASS;size=(440, 190);alpha=True",PASS_BUILDER_SOURCE_REVIEW,ae3c70a0d5a3ff498ff8d540ec05537498f1dfb885a8e78d359ac7fe28f00885,PASS
9,assets/ui_assets/campaign/island_map/level_connector.png,campaign/island_map,520x36,True,AI-effects-atlas-crop,V04 master / V05 AI source atlas / protected owner asset,"decode=PASS;size=(520, 36);alpha=True",PASS_BUILDER_SOURCE_REVIEW,e267796d3a81891c02768be4bc60054cf2d29006c92f8602c27d6d3774dc5c77,PASS
10,assets/ui_assets/campaign/island_map/level_connector_complete.png,campaign/island_map,520x36,True,AI-effects-atlas-crop,V04 master / V05 AI source atlas / protected owner asset,"decode=PASS;size=(520, 36);alpha=True",PASS_BUILDER_SOURCE_REVIEW,e267796d3a81891c02768be4bc60054cf2d29006c92f8602c27d6d3774dc5c77,PASS
11,assets/ui_assets/campaign/island_map/level_node_completed.png,campaign/island_map,320x180,True,AI-UI-atlas-crop,V04 master / V05 AI source atlas / protected owner asset,"decode=PASS;size=(320, 180);alpha=True",PASS_BUILDER_SOURCE_REVIEW,3c4a9cb2af1c958034ac34e3b839ebe22a46b9e3d567cc8e42f6e48008106d8f,PASS
12,assets/ui_assets/campaign/island_map/level_node_current.png,campaign/island_map,320x180,True,AI-UI-atlas-crop,V04 master / V05 AI source atlas / protected owner asset,"decode=PASS;size=(320, 180);alpha=True",PASS_BUILDER_SOURCE_REVIEW,bcd1aa55b80223a795f283d4bb2cb868af8d9a67c46b927ef9f1a8ffaf24c5b4,PASS
13,assets/ui_assets/campaign/island_map/level_node_finale.png,campaign/island_map,320x180,True,AI-UI-atlas-crop,V04 master / V05 AI source atlas / protected owner asset,"decode=PASS;size=(320, 180);alpha=True",PASS_BUILDER_SOURCE_REVIEW,8cb67d7221c5117e903bc56433da9e8fdace6cbb1b073eb73fda3f3048b9e129,PASS
14,assets/ui_assets/campaign/island_map/level_node_locked.png,campaign/island_map,320x180,True,AI-UI-atlas-crop,V04 master / V05 AI source atlas / protected owner asset,"decode=PASS;size=(320, 180);alpha=True",PASS_BUILDER_SOURCE_REVIEW,9c68f23ef539ca43c4295f3a1bb801c4a7f397e58715a0af18a7ee79c767b4f8,PASS
15,assets/ui_assets/campaign/island_map/level_node_milestone.png,campaign/island_map,320x180,True,AI-UI-atlas-crop,V04 master / V05 AI source atlas / protected owner asset,"decode=PASS;size=(320, 180);alpha=True",PASS_BUILDER_SOURCE_REVIEW,9af0b8bbfa836196ed40552c9e33a224f664dc036c645a73693b058398c601f5,PASS
16,assets/ui_assets/campaign/island_map/level_node_unlocked.png,campaign/island_map,320x180,True,AI-UI-atlas-crop,V04 master / V05 AI source atlas / protected owner asset,"decode=PASS;size=(320, 180);alpha=True",PASS_BUILDER_SOURCE_REVIEW,9af0b8bbfa836196ed40552c9e33a224f664dc036c645a73693b058398c601f5,PASS
17,assets/ui_assets/campaign/island_map/map_scroll_bottom_decor.png,campaign/island_map,320x180,True,AI-UI-atlas-crop,V04 master / V05 AI source atlas / protected owner asset,"decode=PASS;size=(320, 180);alpha=True",PASS_BUILDER_SOURCE_REVIEW,563e786b9ba9e293b4436c843eee17b8c8b49fa3baddb534d250626453884ffa,PASS
18,assets/ui_assets/campaign/island_map/map_scroll_top_decor.png,campaign/island_map,320x180,True,AI-UI-atlas-crop,V04 master / V05 AI source atlas / protected owner asset,"decode=PASS;size=(320, 180);alpha=True",PASS_BUILDER_SOURCE_REVIEW,563e786b9ba9e293b4436c843eee17b8c8b49fa3baddb534d250626453884ffa,PASS
19,assets/ui_assets/campaign/island_map/milestone_chest_marker.png,campaign/island_map,128x128,True,AI-UI-atlas-crop,V04 master / V05 AI source atlas / protected owner asset,"decode=PASS;size=(128, 128);alpha=True",PASS_BUILDER_SOURCE_REVIEW,fb7e4d3d5f6757e9f53c0c8f0e6e3b9167742f002a5c1522f3dff618051ca9ae,PASS
20,assets/ui_assets/campaign/island_map/next_milestone_panel.png,campaign/island_map,440x190,True,AI-UI-atlas-crop,V04 master / V05 AI source atlas / protected owner asset,"decode=PASS;size=(440, 190);alpha=True",PASS_BUILDER_SOURCE_REVIEW,ae3c70a0d5a3ff498ff8d540ec05537498f1dfb885a8e78d359ac7fe28f00885,PASS
21,assets/ui_assets/campaign/island_map/star_small_empty.png,campaign/island_map,128x128,True,AI-UI-atlas-crop,V04 master / V05 AI source atlas / protected owner asset,"decode=PASS;size=(128, 128);alpha=True",PASS_BUILDER_SOURCE_REVIEW,5680c67ad53f87a53441fa97d6fc2c50ebe1ec71d1cb391cd3b3aba29cae4ca7,PASS
22,assets/ui_assets/campaign/island_map/star_small_filled.png,campaign/island_map,128x128,True,AI-UI-atlas-crop,V04 master / V05 AI source atlas / protected owner asset,"decode=PASS;size=(128, 128);alpha=True",PASS_BUILDER_SOURCE_REVIEW,ced10a5e06c8b7de1ac62dfecbd71e4c5de57e804c8bb156b743a3730fbd5142,PASS
23,assets/ui_assets/campaign/island_map/stars_counter_panel.png,campaign/island_map,128x128,True,AI-UI-atlas-crop,V04 master / V05 AI source atlas / protected owner asset,"decode=PASS;size=(128, 128);alpha=True",PASS_BUILDER_SOURCE_REVIEW,5680c67ad53f87a53441fa97d6fc2c50ebe1ec71d1cb391cd3b3aba29cae4ca7,PASS
24,assets/ui_assets/campaign/islands/azure_bay/complete_badge.png,campaign/islands/azure_bay,128x128,True,AI-UI-atlas-crop,V04 master / V05 AI source atlas / protected owner asset,"decode=PASS;size=(128, 128);alpha=True",PASS_BUILDER_SOURCE_REVIEW,ced10a5e06c8b7de1ac62dfecbd71e4c5de57e804c8bb156b743a3730fbd5142,PASS
25,assets/ui_assets/campaign/islands/azure_bay/decor_back.png,campaign/islands/azure_bay,300x380,True,V04-island-master-crop,V04 master / V05 AI source atlas / protected owner asset,"decode=PASS;size=(300, 380);alpha=True",PASS_BUILDER_SOURCE_REVIEW,3f56ab0e344a39a8069eae332efafa88be59bc1cf921a4d46d710603eaa88348,PASS
26,assets/ui_assets/campaign/islands/azure_bay/decor_left.png,campaign/islands/azure_bay,300x380,True,V04-island-master-decor-crop,V04 master / V05 AI source atlas / protected owner asset,"decode=PASS;size=(300, 380);alpha=True",PASS_BUILDER_SOURCE_REVIEW,6976dd8e214c416b69a16d830322de28fd2dc681513f18d525b9941c0b9b0b8b,PASS
27,assets/ui_assets/campaign/islands/azure_bay/decor_right.png,campaign/islands/azure_bay,300x380,True,V04-island-master-decor-crop,V04 master / V05 AI source atlas / protected owner asset,"decode=PASS;size=(300, 380);alpha=True",PASS_BUILDER_SOURCE_REVIEW,29430c4f7d2e9e973020d3ffdc1b954d752d1500bddfe4640b1922eccf68ddab,PASS
28,assets/ui_assets/campaign/islands/azure_bay/gameplay_background.png,campaign/islands/azure_bay,720x1280,True,V04-island-master-resize,V04 master / V05 AI source atlas / protected owner asset,"decode=PASS;size=(720, 1280);alpha=True",PASS_BUILDER_SOURCE_REVIEW,16ff2b65fab640aba31f8cd459110673573be47cb2fb8272bb50aae9af930193,PASS
29,assets/ui_assets/campaign/islands/azure_bay/gameplay_table.png,campaign/islands/azure_bay,720x1280,True,V04-island-master-table-mask-composite,V04 master / V05 AI source atlas / protected owner asset,"decode=PASS;size=(720, 1280);alpha=True",PASS_BUILDER_SOURCE_REVIEW,e593e9b3b74e208663b83d7d098ff925c67245a3658ade90cddc9ecfc52157e4,PASS
30,assets/ui_assets/campaign/islands/azure_bay/gameplay_table_shadow.png,campaign/islands/azure_bay,720x1280,True,technical-table-mask-shadow,V04 master / V05 AI source atlas / protected owner asset,"decode=PASS;size=(720, 1280);alpha=True",PASS_BUILDER_SOURCE_REVIEW,3120b77d3522615dd351dacf55ca1849f008746adda42877a4d6476373bf74a7,PASS
31,assets/ui_assets/campaign/islands/azure_bay/launch_zone.png,campaign/islands/azure_bay,720x1280,True,AI-UI-atlas-technical-composite,V04 master / V05 AI source atlas / protected owner asset,"decode=PASS;size=(720, 1280);alpha=True",PASS_BUILDER_SOURCE_REVIEW,799ec680f552753c0c5986e0bd7fe1a088013fea1a9cb9013ec0b16e2380093d,PASS
32,assets/ui_assets/campaign/islands/azure_bay/map_background.png,campaign/islands/azure_bay,720x1280,True,V04-island-master-resize,V04 master / V05 AI source atlas / protected owner asset,"decode=PASS;size=(720, 1280);alpha=True",PASS_BUILDER_SOURCE_REVIEW,16ff2b65fab640aba31f8cd459110673573be47cb2fb8272bb50aae9af930193,PASS
33,assets/ui_assets/campaign/islands/azure_bay/map_title.png,campaign/islands/azure_bay,500x120,True,AI-UI-atlas-crop,V04 master / V05 AI source atlas / protected owner asset,"decode=PASS;size=(500, 120);alpha=True",PASS_BUILDER_SOURCE_REVIEW,01960e9f7a11d934a999aa0037ec4831a3392fab60cc5aa8d2c7033a35ce083a,PASS
34,assets/ui_assets/campaign/islands/azure_bay/table_edge_overlay.png,campaign/islands/azure_bay,720x1280,True,technical-table-mask-edge-composite,V04 master / V05 AI source atlas / protected owner asset,"decode=PASS;size=(720, 1280);alpha=True",PASS_BUILDER_SOURCE_REVIEW,879c13bcadb38f194a5dbe404bbd888ff4c786e7abc295f443ba2f3dc319078f,PASS
35,assets/ui_assets/campaign/islands/azure_bay/theme_badge.png,campaign/islands/azure_bay,128x128,True,AI-UI-atlas-crop,V04 master / V05 AI source atlas / protected owner asset,"decode=PASS;size=(128, 128);alpha=True",PASS_BUILDER_SOURCE_REVIEW,3d121736526e4cd0e814e3d5648368cb68cc2dffb69879c07d103479d2d0bbef,PASS
36,assets/ui_assets/campaign/islands/azure_bay/world_icon.png,campaign/islands/azure_bay,220x220,True,V04-island-master-crop,V04 master / V05 AI source atlas / protected owner asset,"decode=PASS;size=(220, 220);alpha=True",PASS_BUILDER_SOURCE_REVIEW,35679e86c71c18e2da027ebbc2353ae49ca62e4f4bd3bf9a8a0b534c08a0ffee,PASS
37,assets/ui_assets/campaign/islands/billionaire_island/complete_badge.png,campaign/islands/billionaire_island,128x128,True,AI-UI-atlas-crop,V04 master / V05 AI source atlas / protected owner asset,"decode=PASS;size=(128, 128);alpha=True",PASS_BUILDER_SOURCE_REVIEW,ced10a5e06c8b7de1ac62dfecbd71e4c5de57e804c8bb156b743a3730fbd5142,PASS
38,assets/ui_assets/campaign/islands/billionaire_island/decor_back.png,campaign/islands/billionaire_island,300x380,True,V04-island-master-crop,V04 master / V05 AI source atlas / protected owner asset,"decode=PASS;size=(300, 380);alpha=True",PASS_BUILDER_SOURCE_REVIEW,4e8bd7a46ce33df464bc4d0930ecb0c3af5a9a4c5f509356f4b5b41f995ab3a0,PASS
39,assets/ui_assets/campaign/islands/billionaire_island/decor_left.png,campaign/islands/billionaire_island,300x380,True,V04-island-master-decor-crop,V04 master / V05 AI source atlas / protected owner asset,"decode=PASS;size=(300, 380);alpha=True",PASS_BUILDER_SOURCE_REVIEW,921670e17dfaafc0e5829f09acdc7422b8ae6f73dd597b2d28ef203ba4225828,PASS
40,assets/ui_assets/campaign/islands/billionaire_island/decor_right.png,campaign/islands/billionaire_island,300x380,True,V04-island-master-decor-crop,V04 master / V05 AI source atlas / protected owner asset,"decode=PASS;size=(300, 380);alpha=True",PASS_BUILDER_SOURCE_REVIEW,ec18521639e77d263b24e226f0033e19d04ea15b50be8e583c29b17cc0882963,PASS
41,assets/ui_assets/campaign/islands/billionaire_island/gameplay_background.png,campaign/islands/billionaire_island,720x1280,True,V04-island-master-resize,V04 master / V05 AI source atlas / protected owner asset,"decode=PASS;size=(720, 1280);alpha=True",PASS_BUILDER_SOURCE_REVIEW,a1a264cec8426678def2f3298abdd9575785873bc3e9e4846998993ea60f2c65,PASS
42,assets/ui_assets/campaign/islands/billionaire_island/gameplay_table.png,campaign/islands/billionaire_island,720x1280,True,V04-island-master-table-mask-composite,V04 master / V05 AI source atlas / protected owner asset,"decode=PASS;size=(720, 1280);alpha=True",PASS_BUILDER_SOURCE_REVIEW,8b020efc9449bdd5bf85f965e1fe6b43bf859ca21923b0094096fa3138c70251,PASS
43,assets/ui_assets/campaign/islands/billionaire_island/gameplay_table_shadow.png,campaign/islands/billionaire_island,720x1280,True,technical-table-mask-shadow,V04 master / V05 AI source atlas / protected owner asset,"decode=PASS;size=(720, 1280);alpha=True",PASS_BUILDER_SOURCE_REVIEW,3120b77d3522615dd351dacf55ca1849f008746adda42877a4d6476373bf74a7,PASS
44,assets/ui_assets/campaign/islands/billionaire_island/launch_zone.png,campaign/islands/billionaire_island,720x1280,True,AI-UI-atlas-technical-composite,V04 master / V05 AI source atlas / protected owner asset,"decode=PASS;size=(720, 1280);alpha=True",PASS_BUILDER_SOURCE_REVIEW,799ec680f552753c0c5986e0bd7fe1a088013fea1a9cb9013ec0b16e2380093d,PASS
45,assets/ui_assets/campaign/islands/billionaire_island/map_background.png,campaign/islands/billionaire_island,720x1280,True,V04-island-master-resize,V04 master / V05 AI source atlas / protected owner asset,"decode=PASS;size=(720, 1280);alpha=True",PASS_BUILDER_SOURCE_REVIEW,a1a264cec8426678def2f3298abdd9575785873bc3e9e4846998993ea60f2c65,PASS
46,assets/ui_assets/campaign/islands/billionaire_island/map_title.png,campaign/islands/billionaire_island,500x120,True,AI-UI-atlas-crop,V04 master / V05 AI source atlas / protected owner asset,"decode=PASS;size=(500, 120);alpha=True",PASS_BUILDER_SOURCE_REVIEW,01960e9f7a11d934a999aa0037ec4831a3392fab60cc5aa8d2c7033a35ce083a,PASS
47,assets/ui_assets/campaign/islands/billionaire_island/table_edge_overlay.png,campaign/islands/billionaire_island,720x1280,True,technical-table-mask-edge-composite,V04 master / V05 AI source atlas / protected owner asset,"decode=PASS;size=(720, 1280);alpha=True",PASS_BUILDER_SOURCE_REVIEW,879c13bcadb38f194a5dbe404bbd888ff4c786e7abc295f443ba2f3dc319078f,PASS
48,assets/ui_assets/campaign/islands/billionaire_island/theme_badge.png,campaign/islands/billionaire_island,128x128,True,AI-UI-atlas-crop,V04 master / V05 AI source atlas / protected owner asset,"decode=PASS;size=(128, 128);alpha=True",PASS_BUILDER_SOURCE_REVIEW,3d121736526e4cd0e814e3d5648368cb68cc2dffb69879c07d103479d2d0bbef,PASS
49,assets/ui_assets/campaign/islands/billionaire_island/world_icon.png,campaign/islands/billionaire_island,220x220,True,V04-island-master-crop,V04 master / V05 AI source atlas / protected owner asset,"decode=PASS;size=(220, 220);alpha=True",PASS_BUILDER_SOURCE_REVIEW,0e812bf1d5b17d51c457e429bc09f47061fca0c4ee719e7fa96fa68f76f39479,PASS
50,assets/ui_assets/campaign/islands/coconut_beach/complete_badge.png,campaign/islands/coconut_beach,128x128,True,AI-UI-atlas-crop,V04 master / V05 AI source atlas / protected owner asset,"decode=PASS;size=(128, 128);alpha=True",PASS_BUILDER_SOURCE_REVIEW,ced10a5e06c8b7de1ac62dfecbd71e4c5de57e804c8bb156b743a3730fbd5142,PASS
51,assets/ui_assets/campaign/islands/coconut_beach/decor_back.png,campaign/islands/coconut_beach,300x380,True,V04-island-master-crop,V04 master / V05 AI source atlas / protected owner asset,"decode=PASS;size=(300, 380);alpha=True",PASS_BUILDER_SOURCE_REVIEW,d5e9cb875ab6c6f172bc617559c716f4f2cd5f34003733cf94e378134ccdd260,PASS
52,assets/ui_assets/campaign/islands/coconut_beach/decor_left.png,campaign/islands/coconut_beach,300x380,True,V04-island-master-decor-crop,V04 master / V05 AI source atlas / protected owner asset,"decode=PASS;size=(300, 380);alpha=True",PASS_BUILDER_SOURCE_REVIEW,74a8d592404b2434e26696e82e1d7651618796124c0da3cf0fc8366a725453b0,PASS
53,assets/ui_assets/campaign/islands/coconut_beach/decor_right.png,campaign/islands/coconut_beach,300x380,True,V04-island-master-decor-crop,V04 master / V05 AI source atlas / protected owner asset,"decode=PASS;size=(300, 380);alpha=True",PASS_BUILDER_SOURCE_REVIEW,2267fb6c18135a6b2c4b021349d04579b7bf892ef7ec12883d65c9c748fb9294,PASS
54,assets/ui_assets/campaign/islands/coconut_beach/gameplay_background.png,campaign/islands/coconut_beach,720x1280,True,V04-island-master-resize,V04 master / V05 AI source atlas / protected owner asset,"decode=PASS;size=(720, 1280);alpha=True",PASS_BUILDER_SOURCE_REVIEW,51a98ebf98c1a3dee1306dfc0fc86ec65fb8556f983a665b31777c0363a60049,PASS
55,assets/ui_assets/campaign/islands/coconut_beach/gameplay_table.png,campaign/islands/coconut_beach,720x1280,True,V04-island-master-table-mask-composite,V04 master / V05 AI source atlas / protected owner asset,"decode=PASS;size=(720, 1280);alpha=True",PASS_BUILDER_SOURCE_REVIEW,09da559b7b21b44f2a6bbc02b39dd8b054739f42c14374093933a390e9097687,PASS
56,assets/ui_assets/campaign/islands/coconut_beach/gameplay_table_shadow.png,campaign/islands/coconut_beach,720x1280,True,technical-table-mask-shadow,V04 master / V05 AI source atlas / protected owner asset,"decode=PASS;size=(720, 1280);alpha=True",PASS_BUILDER_SOURCE_REVIEW,3120b77d3522615dd351dacf55ca1849f008746adda42877a4d6476373bf74a7,PASS
57,assets/ui_assets/campaign/islands/coconut_beach/launch_zone.png,campaign/islands/coconut_beach,720x1280,True,AI-UI-atlas-technical-composite,V04 master / V05 AI source atlas / protected owner asset,"decode=PASS;size=(720, 1280);alpha=True",PASS_BUILDER_SOURCE_REVIEW,799ec680f552753c0c5986e0bd7fe1a088013fea1a9cb9013ec0b16e2380093d,PASS
58,assets/ui_assets/campaign/islands/coconut_beach/map_background.png,campaign/islands/coconut_beach,720x1280,True,V04-island-master-resize,V04 master / V05 AI source atlas / protected owner asset,"decode=PASS;size=(720, 1280);alpha=True",PASS_BUILDER_SOURCE_REVIEW,51a98ebf98c1a3dee1306dfc0fc86ec65fb8556f983a665b31777c0363a60049,PASS
59,assets/ui_assets/campaign/islands/coconut_beach/map_title.png,campaign/islands/coconut_beach,500x120,True,AI-UI-atlas-crop,V04 master / V05 AI source atlas / protected owner asset,"decode=PASS;size=(500, 120);alpha=True",PASS_BUILDER_SOURCE_REVIEW,01960e9f7a11d934a999aa0037ec4831a3392fab60cc5aa8d2c7033a35ce083a,PASS
60,assets/ui_assets/campaign/islands/coconut_beach/table_edge_overlay.png,campaign/islands/coconut_beach,720x1280,True,technical-table-mask-edge-composite,V04 master / V05 AI source atlas / protected owner asset,"decode=PASS;size=(720, 1280);alpha=True",PASS_BUILDER_SOURCE_REVIEW,879c13bcadb38f194a5dbe404bbd888ff4c786e7abc295f443ba2f3dc319078f,PASS
61,assets/ui_assets/campaign/islands/coconut_beach/theme_badge.png,campaign/islands/coconut_beach,128x128,True,AI-UI-atlas-crop,V04 master / V05 AI source atlas / protected owner asset,"decode=PASS;size=(128, 128);alpha=True",PASS_BUILDER_SOURCE_REVIEW,3d121736526e4cd0e814e3d5648368cb68cc2dffb69879c07d103479d2d0bbef,PASS
62,assets/ui_assets/campaign/islands/coconut_beach/world_icon.png,campaign/islands/coconut_beach,220x220,True,V04-island-master-crop,V04 master / V05 AI source atlas / protected owner asset,"decode=PASS;size=(220, 220);alpha=True",PASS_BUILDER_SOURCE_REVIEW,7f67ef220a3f18748d5e37ef5fec2e30acf169617524c491ec20e2ca0e1abf7e,PASS
63,assets/ui_assets/campaign/islands/final_island/complete_badge.png,campaign/islands/final_island,128x128,True,AI-UI-atlas-crop,V04 master / V05 AI source atlas / protected owner asset,"decode=PASS;size=(128, 128);alpha=True",PASS_BUILDER_SOURCE_REVIEW,ced10a5e06c8b7de1ac62dfecbd71e4c5de57e804c8bb156b743a3730fbd5142,PASS
64,assets/ui_assets/campaign/islands/final_island/decor_back.png,campaign/islands/final_island,300x380,True,V04-island-master-crop,V04 master / V05 AI source atlas / protected owner asset,"decode=PASS;size=(300, 380);alpha=True",PASS_BUILDER_SOURCE_REVIEW,5975cfc94f320ad86ffce9cc7e3096ae1512eea2a0cdd491d1a2fd37e0c06b64,PASS
65,assets/ui_assets/campaign/islands/final_island/decor_left.png,campaign/islands/final_island,300x380,True,V04-island-master-decor-crop,V04 master / V05 AI source atlas / protected owner asset,"decode=PASS;size=(300, 380);alpha=True",PASS_BUILDER_SOURCE_REVIEW,a2e89777297813c9d0ac7953b830f2900774da7ff30caf90f0a2cc74b4885797,PASS
66,assets/ui_assets/campaign/islands/final_island/decor_right.png,campaign/islands/final_island,300x380,True,V04-island-master-decor-crop,V04 master / V05 AI source atlas / protected owner asset,"decode=PASS;size=(300, 380);alpha=True",PASS_BUILDER_SOURCE_REVIEW,a710f806e75865ec23230bf88e03e24728d18b176f275fc78c3e1233cc90fb8e,PASS
67,assets/ui_assets/campaign/islands/final_island/gameplay_background.png,campaign/islands/final_island,720x1280,True,V04-island-master-resize,V04 master / V05 AI source atlas / protected owner asset,"decode=PASS;size=(720, 1280);alpha=True",PASS_BUILDER_SOURCE_REVIEW,157af4f2e46334685e132a41a1a6c916be4f6661732b1389dc02e4e120d92dfa,PASS
68,assets/ui_assets/campaign/islands/final_island/gameplay_table.png,campaign/islands/final_island,720x1280,True,V04-island-master-table-mask-composite,V04 master / V05 AI source atlas / protected owner asset,"decode=PASS;size=(720, 1280);alpha=True",PASS_BUILDER_SOURCE_REVIEW,edccb9a76e2d726987656e990669e0f30a36dba4c65893f394e6583fd70b5cec,PASS
69,assets/ui_assets/campaign/islands/final_island/gameplay_table_shadow.png,campaign/islands/final_island,720x1280,True,technical-table-mask-shadow,V04 master / V05 AI source atlas / protected owner asset,"decode=PASS;size=(720, 1280);alpha=True",PASS_BUILDER_SOURCE_REVIEW,3120b77d3522615dd351dacf55ca1849f008746adda42877a4d6476373bf74a7,PASS
70,assets/ui_assets/campaign/islands/final_island/launch_zone.png,campaign/islands/final_island,720x1280,True,AI-UI-atlas-technical-composite,V04 master / V05 AI source atlas / protected owner asset,"decode=PASS;size=(720, 1280);alpha=True",PASS_BUILDER_SOURCE_REVIEW,799ec680f552753c0c5986e0bd7fe1a088013fea1a9cb9013ec0b16e2380093d,PASS
71,assets/ui_assets/campaign/islands/final_island/map_background.png,campaign/islands/final_island,720x1280,True,V04-island-master-resize,V04 master / V05 AI source atlas / protected owner asset,"decode=PASS;size=(720, 1280);alpha=True",PASS_BUILDER_SOURCE_REVIEW,157af4f2e46334685e132a41a1a6c916be4f6661732b1389dc02e4e120d92dfa,PASS
72,assets/ui_assets/campaign/islands/final_island/map_title.png,campaign/islands/final_island,500x120,True,AI-UI-atlas-crop,V04 master / V05 AI source atlas / protected owner asset,"decode=PASS;size=(500, 120);alpha=True",PASS_BUILDER_SOURCE_REVIEW,01960e9f7a11d934a999aa0037ec4831a3392fab60cc5aa8d2c7033a35ce083a,PASS
73,assets/ui_assets/campaign/islands/final_island/table_edge_overlay.png,campaign/islands/final_island,720x1280,True,technical-table-mask-edge-composite,V04 master / V05 AI source atlas / protected owner asset,"decode=PASS;size=(720, 1280);alpha=True",PASS_BUILDER_SOURCE_REVIEW,879c13bcadb38f194a5dbe404bbd888ff4c786e7abc295f443ba2f3dc319078f,PASS
74,assets/ui_assets/campaign/islands/final_island/theme_badge.png,campaign/islands/final_island,128x128,True,AI-UI-atlas-crop,V04 master / V05 AI source atlas / protected owner asset,"decode=PASS;size=(128, 128);alpha=True",PASS_BUILDER_SOURCE_REVIEW,3d121736526e4cd0e814e3d5648368cb68cc2dffb69879c07d103479d2d0bbef,PASS
75,assets/ui_assets/campaign/islands/final_island/world_icon.png,campaign/islands/final_island,220x220,True,V04-island-master-crop,V04 master / V05 AI source atlas / protected owner asset,"decode=PASS;size=(220, 220);alpha=True",PASS_BUILDER_SOURCE_REVIEW,0c4e4a986d06284c98cf643a479aa45f2ee345b34c47a0f71f1636a77f8bfa1c,PASS
76,assets/ui_assets/campaign/islands/frozen_paradise/complete_badge.png,campaign/islands/frozen_paradise,128x128,True,AI-UI-atlas-crop,V04 master / V05 AI source atlas / protected owner asset,"decode=PASS;size=(128, 128);alpha=True",PASS_BUILDER_SOURCE_REVIEW,ced10a5e06c8b7de1ac62dfecbd71e4c5de57e804c8bb156b743a3730fbd5142,PASS
77,assets/ui_assets/campaign/islands/frozen_paradise/decor_back.png,campaign/islands/frozen_paradise,300x380,True,V04-island-master-crop,V04 master / V05 AI source atlas / protected owner asset,"decode=PASS;size=(300, 380);alpha=True",PASS_BUILDER_SOURCE_REVIEW,520aea005c46c1c3ea2af507de7696bbac565a5281a3e0d9ac4acc069fadb672,PASS
78,assets/ui_assets/campaign/islands/frozen_paradise/decor_left.png,campaign/islands/frozen_paradise,300x380,True,V04-island-master-decor-crop,V04 master / V05 AI source atlas / protected owner asset,"decode=PASS;size=(300, 380);alpha=True",PASS_BUILDER_SOURCE_REVIEW,60f1fceee1fa239d11a184903b21f59ee251aaf10f1296366d78ff588e019a31,PASS
79,assets/ui_assets/campaign/islands/frozen_paradise/decor_right.png,campaign/islands/frozen_paradise,300x380,True,V04-island-master-decor-crop,V04 master / V05 AI source atlas / protected owner asset,"decode=PASS;size=(300, 380);alpha=True",PASS_BUILDER_SOURCE_REVIEW,5d1a797a4c67ab6a4a58f811e27ade08c1ca214247c663afb256840db355e090,PASS
80,assets/ui_assets/campaign/islands/frozen_paradise/gameplay_background.png,campaign/islands/frozen_paradise,720x1280,True,V04-island-master-resize,V04 master / V05 AI source atlas / protected owner asset,"decode=PASS;size=(720, 1280);alpha=True",PASS_BUILDER_SOURCE_REVIEW,4beb1b2637aaff7e8677ea2de40a02db73ae3733c2b68aad1fac3f9c86259ce4,PASS
81,assets/ui_assets/campaign/islands/frozen_paradise/gameplay_table.png,campaign/islands/frozen_paradise,720x1280,True,V04-island-master-table-mask-composite,V04 master / V05 AI source atlas / protected owner asset,"decode=PASS;size=(720, 1280);alpha=True",PASS_BUILDER_SOURCE_REVIEW,1d14e930c768fa64654a3095d305b4151e02ac6bd7cc55542e342c927c7280bc,PASS
82,assets/ui_assets/campaign/islands/frozen_paradise/gameplay_table_shadow.png,campaign/islands/frozen_paradise,720x1280,True,technical-table-mask-shadow,V04 master / V05 AI source atlas / protected owner asset,"decode=PASS;size=(720, 1280);alpha=True",PASS_BUILDER_SOURCE_REVIEW,3120b77d3522615dd351dacf55ca1849f008746adda42877a4d6476373bf74a7,PASS
83,assets/ui_assets/campaign/islands/frozen_paradise/launch_zone.png,campaign/islands/frozen_paradise,720x1280,True,AI-UI-atlas-technical-composite,V04 master / V05 AI source atlas / protected owner asset,"decode=PASS;size=(720, 1280);alpha=True",PASS_BUILDER_SOURCE_REVIEW,799ec680f552753c0c5986e0bd7fe1a088013fea1a9cb9013ec0b16e2380093d,PASS
84,assets/ui_assets/campaign/islands/frozen_paradise/map_background.png,campaign/islands/frozen_paradise,720x1280,True,V04-island-master-resize,V04 master / V05 AI source atlas / protected owner asset,"decode=PASS;size=(720, 1280);alpha=True",PASS_BUILDER_SOURCE_REVIEW,4beb1b2637aaff7e8677ea2de40a02db73ae3733c2b68aad1fac3f9c86259ce4,PASS
85,assets/ui_assets/campaign/islands/frozen_paradise/map_title.png,campaign/islands/frozen_paradise,500x120,True,AI-UI-atlas-crop,V04 master / V05 AI source atlas / protected owner asset,"decode=PASS;size=(500, 120);alpha=True",PASS_BUILDER_SOURCE_REVIEW,01960e9f7a11d934a999aa0037ec4831a3392fab60cc5aa8d2c7033a35ce083a,PASS
86,assets/ui_assets/campaign/islands/frozen_paradise/table_edge_overlay.png,campaign/islands/frozen_paradise,720x1280,True,technical-table-mask-edge-composite,V04 master / V05 AI source atlas / protected owner asset,"decode=PASS;size=(720, 1280);alpha=True",PASS_BUILDER_SOURCE_REVIEW,879c13bcadb38f194a5dbe404bbd888ff4c786e7abc295f443ba2f3dc319078f,PASS
87,assets/ui_assets/campaign/islands/frozen_paradise/theme_badge.png,campaign/islands/frozen_paradise,128x128,True,AI-UI-atlas-crop,V04 master / V05 AI source atlas / protected owner asset,"decode=PASS;size=(128, 128);alpha=True",PASS_BUILDER_SOURCE_REVIEW,3d121736526e4cd0e814e3d5648368cb68cc2dffb69879c07d103479d2d0bbef,PASS
88,assets/ui_assets/campaign/islands/frozen_paradise/world_icon.png,campaign/islands/frozen_paradise,220x220,True,V04-island-master-crop,V04 master / V05 AI source atlas / protected owner asset,"decode=PASS;size=(220, 220);alpha=True",PASS_BUILDER_SOURCE_REVIEW,0cf47b3ed4acb86d9ee1303085f21731c05e89ff1eacd5933955d07edde696eb,PASS
89,assets/ui_assets/campaign/islands/party_beach/complete_badge.png,campaign/islands/party_beach,128x128,True,AI-UI-atlas-crop,V04 master / V05 AI source atlas / protected owner asset,"decode=PASS;size=(128, 128);alpha=True",PASS_BUILDER_SOURCE_REVIEW,ced10a5e06c8b7de1ac62dfecbd71e4c5de57e804c8bb156b743a3730fbd5142,PASS
90,assets/ui_assets/campaign/islands/party_beach/decor_back.png,campaign/islands/party_beach,300x380,True,V04-island-master-crop,V04 master / V05 AI source atlas / protected owner asset,"decode=PASS;size=(300, 380);alpha=True",PASS_BUILDER_SOURCE_REVIEW,244ba2bcad7e63d2e2adcd11e9b08164d3e97328e4537ed7af02c7d0a60c09b0,PASS
91,assets/ui_assets/campaign/islands/party_beach/decor_left.png,campaign/islands/party_beach,300x380,True,V04-island-master-decor-crop,V04 master / V05 AI source atlas / protected owner asset,"decode=PASS;size=(300, 380);alpha=True",PASS_BUILDER_SOURCE_REVIEW,770609fb25850358a7cf2342566a415051ac06da55ec5e56ac6604627f85312c,PASS
92,assets/ui_assets/campaign/islands/party_beach/decor_right.png,campaign/islands/party_beach,300x380,True,V04-island-master-decor-crop,V04 master / V05 AI source atlas / protected owner asset,"decode=PASS;size=(300, 380);alpha=True",PASS_BUILDER_SOURCE_REVIEW,14a40bc038808f55f6980abcadc44cff1bf1d10964e2eda0df49d84b08ec8e51,PASS
93,assets/ui_assets/campaign/islands/party_beach/gameplay_background.png,campaign/islands/party_beach,720x1280,True,V04-island-master-resize,V04 master / V05 AI source atlas / protected owner asset,"decode=PASS;size=(720, 1280);alpha=True",PASS_BUILDER_SOURCE_REVIEW,c33d86b11af941a4d8871b33272b3a3435fd60355bbb9b867f136c6bd83c038f,PASS
94,assets/ui_assets/campaign/islands/party_beach/gameplay_table.png,campaign/islands/party_beach,720x1280,True,V04-island-master-table-mask-composite,V04 master / V05 AI source atlas / protected owner asset,"decode=PASS;size=(720, 1280);alpha=True",PASS_BUILDER_SOURCE_REVIEW,8e6b66b2c79ba329291f4769bd8e88cab56d0dd47077e8b3b68654615b08b64a,PASS
95,assets/ui_assets/campaign/islands/party_beach/gameplay_table_shadow.png,campaign/islands/party_beach,720x1280,True,technical-table-mask-shadow,V04 master / V05 AI source atlas / protected owner asset,"decode=PASS;size=(720, 1280);alpha=True",PASS_BUILDER_SOURCE_REVIEW,3120b77d3522615dd351dacf55ca1849f008746adda42877a4d6476373bf74a7,PASS
96,assets/ui_assets/campaign/islands/party_beach/launch_zone.png,campaign/islands/party_beach,720x1280,True,AI-UI-atlas-technical-composite,V04 master / V05 AI source atlas / protected owner asset,"decode=PASS;size=(720, 1280);alpha=True",PASS_BUILDER_SOURCE_REVIEW,799ec680f552753c0c5986e0bd7fe1a088013fea1a9cb9013ec0b16e2380093d,PASS
97,assets/ui_assets/campaign/islands/party_beach/map_background.png,campaign/islands/party_beach,720x1280,True,V04-island-master-resize,V04 master / V05 AI source atlas / protected owner asset,"decode=PASS;size=(720, 1280);alpha=True",PASS_BUILDER_SOURCE_REVIEW,c33d86b11af941a4d8871b33272b3a3435fd60355bbb9b867f136c6bd83c038f,PASS
98,assets/ui_assets/campaign/islands/party_beach/map_title.png,campaign/islands/party_beach,500x120,True,AI-UI-atlas-crop,V04 master / V05 AI source atlas / protected owner asset,"decode=PASS;size=(500, 120);alpha=True",PASS_BUILDER_SOURCE_REVIEW,01960e9f7a11d934a999aa0037ec4831a3392fab60cc5aa8d2c7033a35ce083a,PASS
99,assets/ui_assets/campaign/islands/party_beach/table_edge_overlay.png,campaign/islands/party_beach,720x1280,True,technical-table-mask-edge-composite,V04 master / V05 AI source atlas / protected owner asset,"decode=PASS;size=(720, 1280);alpha=True",PASS_BUILDER_SOURCE_REVIEW,879c13bcadb38f194a5dbe404bbd888ff4c786e7abc295f443ba2f3dc319078f,PASS
100,assets/ui_assets/campaign/islands/party_beach/theme_badge.png,campaign/islands/party_beach,128x128,True,AI-UI-atlas-crop,V04 master / V05 AI source atlas / protected owner asset,"decode=PASS;size=(128, 128);alpha=True",PASS_BUILDER_SOURCE_REVIEW,3d121736526e4cd0e814e3d5648368cb68cc2dffb69879c07d103479d2d0bbef,PASS
101,assets/ui_assets/campaign/islands/party_beach/world_icon.png,campaign/islands/party_beach,220x220,True,V04-island-master-crop,V04 master / V05 AI source atlas / protected owner asset,"decode=PASS;size=(220, 220);alpha=True",PASS_BUILDER_SOURCE_REVIEW,6fb4236a26a02624cff10b354674e12e76d26d132f5e2237cd804f6557d6c174,PASS
102,assets/ui_assets/campaign/islands/sunny_cove/complete_badge.png,campaign/islands/sunny_cove,128x128,True,AI-UI-atlas-crop,V04 master / V05 AI source atlas / protected owner asset,"decode=PASS;size=(128, 128);alpha=True",PASS_BUILDER_SOURCE_REVIEW,ced10a5e06c8b7de1ac62dfecbd71e4c5de57e804c8bb156b743a3730fbd5142,PASS
103,assets/ui_assets/campaign/islands/sunny_cove/decor_back.png,campaign/islands/sunny_cove,300x380,True,V04-island-master-crop,V04 master / V05 AI source atlas / protected owner asset,"decode=PASS;size=(300, 380);alpha=True",PASS_BUILDER_SOURCE_REVIEW,0720fe3aec6ff3cb04c2a268bc9cde4adff0b02c4b25f14fa2cb233dee3b363f,PASS
104,assets/ui_assets/campaign/islands/sunny_cove/decor_left.png,campaign/islands/sunny_cove,300x380,True,V04-island-master-decor-crop,V04 master / V05 AI source atlas / protected owner asset,"decode=PASS;size=(300, 380);alpha=True",PASS_BUILDER_SOURCE_REVIEW,9c22986f9139036d0252e5d72e933a32f342298caf120b32b1ffa4433f134b37,PASS
105,assets/ui_assets/campaign/islands/sunny_cove/decor_right.png,campaign/islands/sunny_cove,300x380,True,V04-island-master-decor-crop,V04 master / V05 AI source atlas / protected owner asset,"decode=PASS;size=(300, 380);alpha=True",PASS_BUILDER_SOURCE_REVIEW,be7929968ffc514b26e152c5e916a4cee415ff08495167c460c8226bb025f2f2,PASS
106,assets/ui_assets/campaign/islands/sunny_cove/gameplay_background.png,campaign/islands/sunny_cove,720x1280,True,V04-island-master-resize,V04 master / V05 AI source atlas / protected owner asset,"decode=PASS;size=(720, 1280);alpha=True",PASS_BUILDER_SOURCE_REVIEW,50f35a6f7efaf432df8fa0033175af9a646153ac21e18b0cfc3f76728cebae41,PASS
107,assets/ui_assets/campaign/islands/sunny_cove/gameplay_table.png,campaign/islands/sunny_cove,720x1280,True,V04-island-master-table-mask-composite,V04 master / V05 AI source atlas / protected owner asset,"decode=PASS;size=(720, 1280);alpha=True",PASS_BUILDER_SOURCE_REVIEW,ea4968f5ae9331cec1f99f66a27ce98052e98041241964199963df5365867b6b,PASS
108,assets/ui_assets/campaign/islands/sunny_cove/gameplay_table_shadow.png,campaign/islands/sunny_cove,720x1280,True,technical-table-mask-shadow,V04 master / V05 AI source atlas / protected owner asset,"decode=PASS;size=(720, 1280);alpha=True",PASS_BUILDER_SOURCE_REVIEW,3120b77d3522615dd351dacf55ca1849f008746adda42877a4d6476373bf74a7,PASS
109,assets/ui_assets/campaign/islands/sunny_cove/launch_zone.png,campaign/islands/sunny_cove,720x1280,True,AI-UI-atlas-technical-composite,V04 master / V05 AI source atlas / protected owner asset,"decode=PASS;size=(720, 1280);alpha=True",PASS_BUILDER_SOURCE_REVIEW,799ec680f552753c0c5986e0bd7fe1a088013fea1a9cb9013ec0b16e2380093d,PASS
110,assets/ui_assets/campaign/islands/sunny_cove/map_background.png,campaign/islands/sunny_cove,720x1280,True,V04-island-master-resize,V04 master / V05 AI source atlas / protected owner asset,"decode=PASS;size=(720, 1280);alpha=True",PASS_BUILDER_SOURCE_REVIEW,50f35a6f7efaf432df8fa0033175af9a646153ac21e18b0cfc3f76728cebae41,PASS
111,assets/ui_assets/campaign/islands/sunny_cove/map_title.png,campaign/islands/sunny_cove,500x120,True,AI-UI-atlas-crop,V04 master / V05 AI source atlas / protected owner asset,"decode=PASS;size=(500, 120);alpha=True",PASS_BUILDER_SOURCE_REVIEW,01960e9f7a11d934a999aa0037ec4831a3392fab60cc5aa8d2c7033a35ce083a,PASS
112,assets/ui_assets/campaign/islands/sunny_cove/table_edge_overlay.png,campaign/islands/sunny_cove,720x1280,True,technical-table-mask-edge-composite,V04 master / V05 AI source atlas / protected owner asset,"decode=PASS;size=(720, 1280);alpha=True",PASS_BUILDER_SOURCE_REVIEW,879c13bcadb38f194a5dbe404bbd888ff4c786e7abc295f443ba2f3dc319078f,PASS
113,assets/ui_assets/campaign/islands/sunny_cove/theme_badge.png,campaign/islands/sunny_cove,128x128,True,AI-UI-atlas-crop,V04 master / V05 AI source atlas / protected owner asset,"decode=PASS;size=(128, 128);alpha=True",PASS_BUILDER_SOURCE_REVIEW,3d121736526e4cd0e814e3d5648368cb68cc2dffb69879c07d103479d2d0bbef,PASS
114,assets/ui_assets/campaign/islands/sunny_cove/world_icon.png,campaign/islands/sunny_cove,220x220,True,V04-island-master-crop,V04 master / V05 AI source atlas / protected owner asset,"decode=PASS;size=(220, 220);alpha=True",PASS_BUILDER_SOURCE_REVIEW,950c0c731027f915f4f94899ad15e2ce2da57dd594e514bfcf9a4677848b675c,PASS
115,assets/ui_assets/campaign/islands/sunset_island/complete_badge.png,campaign/islands/sunset_island,128x128,True,AI-UI-atlas-crop,V04 master / V05 AI source atlas / protected owner asset,"decode=PASS;size=(128, 128);alpha=True",PASS_BUILDER_SOURCE_REVIEW,ced10a5e06c8b7de1ac62dfecbd71e4c5de57e804c8bb156b743a3730fbd5142,PASS
116,assets/ui_assets/campaign/islands/sunset_island/decor_back.png,campaign/islands/sunset_island,300x380,True,V04-island-master-crop,V04 master / V05 AI source atlas / protected owner asset,"decode=PASS;size=(300, 380);alpha=True",PASS_BUILDER_SOURCE_REVIEW,6a47ba3863d9566230b515cfb599ddd4f5e503dc33aee2538bfa48afb892a121,PASS
117,assets/ui_assets/campaign/islands/sunset_island/decor_left.png,campaign/islands/sunset_island,300x380,True,V04-island-master-decor-crop,V04 master / V05 AI source atlas / protected owner asset,"decode=PASS;size=(300, 380);alpha=True",PASS_BUILDER_SOURCE_REVIEW,666ae60fb00f92a779669284c33afd30b60c9866a9717fb854633c30dbd9d062,PASS
118,assets/ui_assets/campaign/islands/sunset_island/decor_right.png,campaign/islands/sunset_island,300x380,True,V04-island-master-decor-crop,V04 master / V05 AI source atlas / protected owner asset,"decode=PASS;size=(300, 380);alpha=True",PASS_BUILDER_SOURCE_REVIEW,effdd696042884bf3252432fddc6f1d4b85a8d5239308515ec44017c443d6035,PASS
119,assets/ui_assets/campaign/islands/sunset_island/gameplay_background.png,campaign/islands/sunset_island,720x1280,True,V04-island-master-resize,V04 master / V05 AI source atlas / protected owner asset,"decode=PASS;size=(720, 1280);alpha=True",PASS_BUILDER_SOURCE_REVIEW,b4aa0767c5fc609aee587ab0762b44a559e0dcb2f5e83b5b6ba298e3f753e63c,PASS
120,assets/ui_assets/campaign/islands/sunset_island/gameplay_table.png,campaign/islands/sunset_island,720x1280,True,V04-island-master-table-mask-composite,V04 master / V05 AI source atlas / protected owner asset,"decode=PASS;size=(720, 1280);alpha=True",PASS_BUILDER_SOURCE_REVIEW,1c66c27f77bfb53ebbfa5624d15fa6e9531a81f787894c1acab4659b53a3d5ea,PASS
121,assets/ui_assets/campaign/islands/sunset_island/gameplay_table_shadow.png,campaign/islands/sunset_island,720x1280,True,technical-table-mask-shadow,V04 master / V05 AI source atlas / protected owner asset,"decode=PASS;size=(720, 1280);alpha=True",PASS_BUILDER_SOURCE_REVIEW,3120b77d3522615dd351dacf55ca1849f008746adda42877a4d6476373bf74a7,PASS
122,assets/ui_assets/campaign/islands/sunset_island/launch_zone.png,campaign/islands/sunset_island,720x1280,True,AI-UI-atlas-technical-composite,V04 master / V05 AI source atlas / protected owner asset,"decode=PASS;size=(720, 1280);alpha=True",PASS_BUILDER_SOURCE_REVIEW,799ec680f552753c0c5986e0bd7fe1a088013fea1a9cb9013ec0b16e2380093d,PASS
123,assets/ui_assets/campaign/islands/sunset_island/map_background.png,campaign/islands/sunset_island,720x1280,True,V04-island-master-resize,V04 master / V05 AI source atlas / protected owner asset,"decode=PASS;size=(720, 1280);alpha=True",PASS_BUILDER_SOURCE_REVIEW,b4aa0767c5fc609aee587ab0762b44a559e0dcb2f5e83b5b6ba298e3f753e63c,PASS
124,assets/ui_assets/campaign/islands/sunset_island/map_title.png,campaign/islands/sunset_island,500x120,True,AI-UI-atlas-crop,V04 master / V05 AI source atlas / protected owner asset,"decode=PASS;size=(500, 120);alpha=True",PASS_BUILDER_SOURCE_REVIEW,01960e9f7a11d934a999aa0037ec4831a3392fab60cc5aa8d2c7033a35ce083a,PASS
125,assets/ui_assets/campaign/islands/sunset_island/table_edge_overlay.png,campaign/islands/sunset_island,720x1280,True,technical-table-mask-edge-composite,V04 master / V05 AI source atlas / protected owner asset,"decode=PASS;size=(720, 1280);alpha=True",PASS_BUILDER_SOURCE_REVIEW,879c13bcadb38f194a5dbe404bbd888ff4c786e7abc295f443ba2f3dc319078f,PASS
126,assets/ui_assets/campaign/islands/sunset_island/theme_badge.png,campaign/islands/sunset_island,128x128,True,AI-UI-atlas-crop,V04 master / V05 AI source atlas / protected owner asset,"decode=PASS;size=(128, 128);alpha=True",PASS_BUILDER_SOURCE_REVIEW,3d121736526e4cd0e814e3d5648368cb68cc2dffb69879c07d103479d2d0bbef,PASS
127,assets/ui_assets/campaign/islands/sunset_island/world_icon.png,campaign/islands/sunset_island,220x220,True,V04-island-master-crop,V04 master / V05 AI source atlas / protected owner asset,"decode=PASS;size=(220, 220);alpha=True",PASS_BUILDER_SOURCE_REVIEW,9f309116bd160fc63b2583efcda3ec8610f01a92b1501267f27d9bd9ac7e62f5,PASS
128,assets/ui_assets/campaign/islands/tiki_island/complete_badge.png,campaign/islands/tiki_island,128x128,True,AI-UI-atlas-crop,V04 master / V05 AI source atlas / protected owner asset,"decode=PASS;size=(128, 128);alpha=True",PASS_BUILDER_SOURCE_REVIEW,ced10a5e06c8b7de1ac62dfecbd71e4c5de57e804c8bb156b743a3730fbd5142,PASS
129,assets/ui_assets/campaign/islands/tiki_island/decor_back.png,campaign/islands/tiki_island,300x380,True,V04-island-master-crop,V04 master / V05 AI source atlas / protected owner asset,"decode=PASS;size=(300, 380);alpha=True",PASS_BUILDER_SOURCE_REVIEW,2deb27bbfd27358edece43054e5057b998a1c4cd60c370ebf124a26a633793c8,PASS
130,assets/ui_assets/campaign/islands/tiki_island/decor_left.png,campaign/islands/tiki_island,300x380,True,V04-island-master-decor-crop,V04 master / V05 AI source atlas / protected owner asset,"decode=PASS;size=(300, 380);alpha=True",PASS_BUILDER_SOURCE_REVIEW,e058008c3161aec2bc24ca9b58e6dcdb94d120be0bf4898ee85eee8c9c4482db,PASS
131,assets/ui_assets/campaign/islands/tiki_island/decor_right.png,campaign/islands/tiki_island,300x380,True,V04-island-master-decor-crop,V04 master / V05 AI source atlas / protected owner asset,"decode=PASS;size=(300, 380);alpha=True",PASS_BUILDER_SOURCE_REVIEW,7dd8401b4dbacb9422e4c44000e7d16406a02523cebea72f8f47cc1918c9aa19,PASS
132,assets/ui_assets/campaign/islands/tiki_island/gameplay_background.png,campaign/islands/tiki_island,720x1280,True,V04-island-master-resize,V04 master / V05 AI source atlas / protected owner asset,"decode=PASS;size=(720, 1280);alpha=True",PASS_BUILDER_SOURCE_REVIEW,c7c60cecd247dc42d504c860aef52efa112214bb0d385ae1b6bb5fe4f554ec81,PASS
133,assets/ui_assets/campaign/islands/tiki_island/gameplay_table.png,campaign/islands/tiki_island,720x1280,True,V04-island-master-table-mask-composite,V04 master / V05 AI source atlas / protected owner asset,"decode=PASS;size=(720, 1280);alpha=True",PASS_BUILDER_SOURCE_REVIEW,6c17e3d6be93226fdc6ed0f1f483fabd097ae2def291de90097bce229a78ea46,PASS
134,assets/ui_assets/campaign/islands/tiki_island/gameplay_table_shadow.png,campaign/islands/tiki_island,720x1280,True,technical-table-mask-shadow,V04 master / V05 AI source atlas / protected owner asset,"decode=PASS;size=(720, 1280);alpha=True",PASS_BUILDER_SOURCE_REVIEW,3120b77d3522615dd351dacf55ca1849f008746adda42877a4d6476373bf74a7,PASS
135,assets/ui_assets/campaign/islands/tiki_island/launch_zone.png,campaign/islands/tiki_island,720x1280,True,AI-UI-atlas-technical-composite,V04 master / V05 AI source atlas / protected owner asset,"decode=PASS;size=(720, 1280);alpha=True",PASS_BUILDER_SOURCE_REVIEW,799ec680f552753c0c5986e0bd7fe1a088013fea1a9cb9013ec0b16e2380093d,PASS
136,assets/ui_assets/campaign/islands/tiki_island/map_background.png,campaign/islands/tiki_island,720x1280,True,V04-island-master-resize,V04 master / V05 AI source atlas / protected owner asset,"decode=PASS;size=(720, 1280);alpha=True",PASS_BUILDER_SOURCE_REVIEW,c7c60cecd247dc42d504c860aef52efa112214bb0d385ae1b6bb5fe4f554ec81,PASS
137,assets/ui_assets/campaign/islands/tiki_island/map_title.png,campaign/islands/tiki_island,500x120,True,AI-UI-atlas-crop,V04 master / V05 AI source atlas / protected owner asset,"decode=PASS;size=(500, 120);alpha=True",PASS_BUILDER_SOURCE_REVIEW,01960e9f7a11d934a999aa0037ec4831a3392fab60cc5aa8d2c7033a35ce083a,PASS
138,assets/ui_assets/campaign/islands/tiki_island/table_edge_overlay.png,campaign/islands/tiki_island,720x1280,True,technical-table-mask-edge-composite,V04 master / V05 AI source atlas / protected owner asset,"decode=PASS;size=(720, 1280);alpha=True",PASS_BUILDER_SOURCE_REVIEW,879c13bcadb38f194a5dbe404bbd888ff4c786e7abc295f443ba2f3dc319078f,PASS
139,assets/ui_assets/campaign/islands/tiki_island/theme_badge.png,campaign/islands/tiki_island,128x128,True,AI-UI-atlas-crop,V04 master / V05 AI source atlas / protected owner asset,"decode=PASS;size=(128, 128);alpha=True",PASS_BUILDER_SOURCE_REVIEW,3d121736526e4cd0e814e3d5648368cb68cc2dffb69879c07d103479d2d0bbef,PASS
140,assets/ui_assets/campaign/islands/tiki_island/world_icon.png,campaign/islands/tiki_island,220x220,True,V04-island-master-crop,V04 master / V05 AI source atlas / protected owner asset,"decode=PASS;size=(220, 220);alpha=True",PASS_BUILDER_SOURCE_REVIEW,dd4fcb59cf6dc4641850002732c10392b8e31a4a84cb68d8edff7015a3001790,PASS
141,assets/ui_assets/campaign/islands/volcano_bay/complete_badge.png,campaign/islands/volcano_bay,128x128,True,AI-UI-atlas-crop,V04 master / V05 AI source atlas / protected owner asset,"decode=PASS;size=(128, 128);alpha=True",PASS_BUILDER_SOURCE_REVIEW,ced10a5e06c8b7de1ac62dfecbd71e4c5de57e804c8bb156b743a3730fbd5142,PASS
142,assets/ui_assets/campaign/islands/volcano_bay/decor_back.png,campaign/islands/volcano_bay,300x380,True,V04-island-master-crop,V04 master / V05 AI source atlas / protected owner asset,"decode=PASS;size=(300, 380);alpha=True",PASS_BUILDER_SOURCE_REVIEW,be103ba63efb68b638c225f439610ce2cb6469036abf675fd40106a6726adbb2,PASS
143,assets/ui_assets/campaign/islands/volcano_bay/decor_left.png,campaign/islands/volcano_bay,300x380,True,V04-island-master-decor-crop,V04 master / V05 AI source atlas / protected owner asset,"decode=PASS;size=(300, 380);alpha=True",PASS_BUILDER_SOURCE_REVIEW,4bca86cc30fb302492a14dd605ad2da18d3ff40f8fc5c1069599be9ddcf437af,PASS
144,assets/ui_assets/campaign/islands/volcano_bay/decor_right.png,campaign/islands/volcano_bay,300x380,True,V04-island-master-decor-crop,V04 master / V05 AI source atlas / protected owner asset,"decode=PASS;size=(300, 380);alpha=True",PASS_BUILDER_SOURCE_REVIEW,700b23bdf2722a039fcbb69c7b58bfceeebb0d7904635f9145f441ab3603e479,PASS
145,assets/ui_assets/campaign/islands/volcano_bay/gameplay_background.png,campaign/islands/volcano_bay,720x1280,True,V04-island-master-resize,V04 master / V05 AI source atlas / protected owner asset,"decode=PASS;size=(720, 1280);alpha=True",PASS_BUILDER_SOURCE_REVIEW,479167fb71bcaa1614ac311b9a1546c96edddb1f83020b5137aff363af778c04,PASS
146,assets/ui_assets/campaign/islands/volcano_bay/gameplay_table.png,campaign/islands/volcano_bay,720x1280,True,V04-island-master-table-mask-composite,V04 master / V05 AI source atlas / protected owner asset,"decode=PASS;size=(720, 1280);alpha=True",PASS_BUILDER_SOURCE_REVIEW,08d6b8de01e312fe867730a791109bd572b88a3eea5285550b7f9c20517e6b0c,PASS
147,assets/ui_assets/campaign/islands/volcano_bay/gameplay_table_shadow.png,campaign/islands/volcano_bay,720x1280,True,technical-table-mask-shadow,V04 master / V05 AI source atlas / protected owner asset,"decode=PASS;size=(720, 1280);alpha=True",PASS_BUILDER_SOURCE_REVIEW,3120b77d3522615dd351dacf55ca1849f008746adda42877a4d6476373bf74a7,PASS
148,assets/ui_assets/campaign/islands/volcano_bay/launch_zone.png,campaign/islands/volcano_bay,720x1280,True,AI-UI-atlas-technical-composite,V04 master / V05 AI source atlas / protected owner asset,"decode=PASS;size=(720, 1280);alpha=True",PASS_BUILDER_SOURCE_REVIEW,799ec680f552753c0c5986e0bd7fe1a088013fea1a9cb9013ec0b16e2380093d,PASS
149,assets/ui_assets/campaign/islands/volcano_bay/map_background.png,campaign/islands/volcano_bay,720x1280,True,V04-island-master-resize,V04 master / V05 AI source atlas / protected owner asset,"decode=PASS;size=(720, 1280);alpha=True",PASS_BUILDER_SOURCE_REVIEW,479167fb71bcaa1614ac311b9a1546c96edddb1f83020b5137aff363af778c04,PASS
150,assets/ui_assets/campaign/islands/volcano_bay/map_title.png,campaign/islands/volcano_bay,500x120,True,AI-UI-atlas-crop,V04 master / V05 AI source atlas / protected owner asset,"decode=PASS;size=(500, 120);alpha=True",PASS_BUILDER_SOURCE_REVIEW,01960e9f7a11d934a999aa0037ec4831a3392fab60cc5aa8d2c7033a35ce083a,PASS
151,assets/ui_assets/campaign/islands/volcano_bay/table_edge_overlay.png,campaign/islands/volcano_bay,720x1280,True,technical-table-mask-edge-composite,V04 master / V05 AI source atlas / protected owner asset,"decode=PASS;size=(720, 1280);alpha=True",PASS_BUILDER_SOURCE_REVIEW,879c13bcadb38f194a5dbe404bbd888ff4c786e7abc295f443ba2f3dc319078f,PASS
152,assets/ui_assets/campaign/islands/volcano_bay/theme_badge.png,campaign/islands/volcano_bay,128x128,True,AI-UI-atlas-crop,V04 master / V05 AI source atlas / protected owner asset,"decode=PASS;size=(128, 128);alpha=True",PASS_BUILDER_SOURCE_REVIEW,3d121736526e4cd0e814e3d5648368cb68cc2dffb69879c07d103479d2d0bbef,PASS
153,assets/ui_assets/campaign/islands/volcano_bay/world_icon.png,campaign/islands/volcano_bay,220x220,True,V04-island-master-crop,V04 master / V05 AI source atlas / protected owner asset,"decode=PASS;size=(220, 220);alpha=True",PASS_BUILDER_SOURCE_REVIEW,4e74b34a9f231167d8e841a4af327965e328023b0d0834b41aa3110fcbc4ee57,PASS
154,assets/ui_assets/campaign/world_map/azure_bay.png,campaign/world_map,220x220,True,V04-island-master-crop,V04 master / V05 AI source atlas / protected owner asset,"decode=PASS;size=(220, 220);alpha=True",PASS_BUILDER_SOURCE_REVIEW,989b7f6e2bc1113af85dc971e33e20349f1f75531fb690cb6c9f3ad3af11aeee,PASS
155,assets/ui_assets/campaign/world_map/billionaire_island.png,campaign/world_map,220x220,True,V04-island-master-crop,V04 master / V05 AI source atlas / protected owner asset,"decode=PASS;size=(220, 220);alpha=True",PASS_BUILDER_SOURCE_REVIEW,87818d0a97558401ae67dbf279613f0a2681ce354411316f40ca9bb11c525a81,PASS
156,assets/ui_assets/campaign/world_map/coconut_beach.png,campaign/world_map,220x220,True,V04-island-master-crop,V04 master / V05 AI source atlas / protected owner asset,"decode=PASS;size=(220, 220);alpha=True",PASS_BUILDER_SOURCE_REVIEW,2a58a288e22e45568d6458229cb43ced32e0beb56242738b74372d60c85f7a56,PASS
157,assets/ui_assets/campaign/world_map/final_island.png,campaign/world_map,220x220,True,V04-island-master-crop,V04 master / V05 AI source atlas / protected owner asset,"decode=PASS;size=(220, 220);alpha=True",PASS_BUILDER_SOURCE_REVIEW,1e7479c81276edd681a9eec77576bc45b53b74eead92b2fc1e199ab08cb007ba,PASS
158,assets/ui_assets/campaign/world_map/frozen_paradise.png,campaign/world_map,220x220,True,V04-island-master-crop,V04 master / V05 AI source atlas / protected owner asset,"decode=PASS;size=(220, 220);alpha=True",PASS_BUILDER_SOURCE_REVIEW,f7ee20358b3b714164cb70061c503315dc3e705a1b6aa6b2ca25e85bd4bf1faa,PASS
159,assets/ui_assets/campaign/world_map/island_locked_overlay.png,campaign/world_map,320x180,True,AI-UI-atlas-crop,V04 master / V05 AI source atlas / protected owner asset,"decode=PASS;size=(320, 180);alpha=True",PASS_BUILDER_SOURCE_REVIEW,9c68f23ef539ca43c4295f3a1bb801c4a7f397e58715a0af18a7ee79c767b4f8,PASS
160,assets/ui_assets/campaign/world_map/island_name_panel.png,campaign/world_map,440x190,True,AI-UI-atlas-crop,V04 master / V05 AI source atlas / protected owner asset,"decode=PASS;size=(440, 190);alpha=True",PASS_BUILDER_SOURCE_REVIEW,ae3c70a0d5a3ff498ff8d540ec05537498f1dfb885a8e78d359ac7fe28f00885,PASS
161,assets/ui_assets/campaign/world_map/party_beach.png,campaign/world_map,220x220,True,V04-island-master-crop,V04 master / V05 AI source atlas / protected owner asset,"decode=PASS;size=(220, 220);alpha=True",PASS_BUILDER_SOURCE_REVIEW,466f8ede07eaa9997fb3f291142d4e831085c2b6b1c66fea41c505dacffd63b9,PASS
162,assets/ui_assets/campaign/world_map/route_line.png,campaign/world_map,520x36,True,AI-effects-atlas-crop,V04 master / V05 AI source atlas / protected owner asset,"decode=PASS;size=(520, 36);alpha=True",PASS_BUILDER_SOURCE_REVIEW,e267796d3a81891c02768be4bc60054cf2d29006c92f8602c27d6d3774dc5c77,PASS
163,assets/ui_assets/campaign/world_map/route_marker.png,campaign/world_map,320x180,True,AI-UI-atlas-crop,V04 master / V05 AI source atlas / protected owner asset,"decode=PASS;size=(320, 180);alpha=True",PASS_BUILDER_SOURCE_REVIEW,33236ea3252e0dd5f4b9b7552ebcd961a1d88d41b1a469d81751c57cf958df91,PASS
164,assets/ui_assets/campaign/world_map/route_marker_complete.png,campaign/world_map,320x180,True,AI-UI-atlas-crop,V04 master / V05 AI source atlas / protected owner asset,"decode=PASS;size=(320, 180);alpha=True",PASS_BUILDER_SOURCE_REVIEW,3c4a9cb2af1c958034ac34e3b839ebe22a46b9e3d567cc8e42f6e48008106d8f,PASS
165,assets/ui_assets/campaign/world_map/route_marker_current.png,campaign/world_map,320x180,True,AI-UI-atlas-crop,V04 master / V05 AI source atlas / protected owner asset,"decode=PASS;size=(320, 180);alpha=True",PASS_BUILDER_SOURCE_REVIEW,bcd1aa55b80223a795f283d4bb2cb868af8d9a67c46b927ef9f1a8ffaf24c5b4,PASS
166,assets/ui_assets/campaign/world_map/sunny_cove.png,campaign/world_map,220x220,True,V04-island-master-crop,V04 master / V05 AI source atlas / protected owner asset,"decode=PASS;size=(220, 220);alpha=True",PASS_BUILDER_SOURCE_REVIEW,d6df9e509b98c362d71847738bcef77d7b7e048887b0bec35cc21d398dff561d,PASS
167,assets/ui_assets/campaign/world_map/sunset_island.png,campaign/world_map,220x220,True,V04-island-master-crop,V04 master / V05 AI source atlas / protected owner asset,"decode=PASS;size=(220, 220);alpha=True",PASS_BUILDER_SOURCE_REVIEW,fcc1edf9a01949721494a68b6b63f6f05a994b8cad5157d2c0679bf2e68aa3fb,PASS
168,assets/ui_assets/campaign/world_map/tiki_island.png,campaign/world_map,220x220,True,V04-island-master-crop,V04 master / V05 AI source atlas / protected owner asset,"decode=PASS;size=(220, 220);alpha=True",PASS_BUILDER_SOURCE_REVIEW,c6ce2531cf043ac697661bc7c7a445fab39298199ac2433796fc170a4e77acf4,PASS
169,assets/ui_assets/campaign/world_map/volcano_bay.png,campaign/world_map,220x220,True,V04-island-master-crop,V04 master / V05 AI source atlas / protected owner asset,"decode=PASS;size=(220, 220);alpha=True",PASS_BUILDER_SOURCE_REVIEW,c1b6efa3cdd7989983f86c732a8d90e42295323a7157865792c98628a882af59,PASS
170,assets/ui_assets/campaign/world_map/world_clouds_back.png,campaign/world_map,320x180,True,V04-world-map-master-crop,V04 master / V05 AI source atlas / protected owner asset,"decode=PASS;size=(320, 180);alpha=True",PASS_BUILDER_SOURCE_REVIEW,5fe9531b8c11169d20a223b97d4ae8a35be416e5ee7432a281b2ddffd2531cf9,PASS
171,assets/ui_assets/campaign/world_map/world_clouds_front.png,campaign/world_map,320x180,True,V04-world-map-master-crop,V04 master / V05 AI source atlas / protected owner asset,"decode=PASS;size=(320, 180);alpha=True",PASS_BUILDER_SOURCE_REVIEW,5fe9531b8c11169d20a223b97d4ae8a35be416e5ee7432a281b2ddffd2531cf9,PASS
172,assets/ui_assets/campaign/world_map/world_map_background.png,campaign/world_map,720x1280,True,V04-world-map-master-resize,V04 master / V05 AI source atlas / protected owner asset,"decode=PASS;size=(720, 1280);alpha=True",PASS_BUILDER_SOURCE_REVIEW,4d18eb9e6456316685fea1a8753b96557873ac6338b9d64597a49ce5d1b51388,PASS
173,assets/ui_assets/campaign/world_map/world_map_boat.png,campaign/world_map,320x180,True,V04-world-map-master-crop,V04 master / V05 AI source atlas / protected owner asset,"decode=PASS;size=(320, 180);alpha=True",PASS_BUILDER_SOURCE_REVIEW,92f12d5bde96956c19fc28719e372bdb3e86a661f516bc10e4d2362b121efffe,PASS
174,assets/ui_assets/campaign/world_map/world_map_compass.png,campaign/world_map,320x180,True,AI-UI-atlas-crop,V04 master / V05 AI source atlas / protected owner asset,"decode=PASS;size=(320, 180);alpha=True",PASS_BUILDER_SOURCE_REVIEW,33236ea3252e0dd5f4b9b7552ebcd961a1d88d41b1a469d81751c57cf958df91,PASS
175,assets/ui_assets/campaign/world_map/world_map_title_panel.png,campaign/world_map,500x120,True,AI-UI-atlas-crop,V04 master / V05 AI source atlas / protected owner asset,"decode=PASS;size=(500, 120);alpha=True",PASS_BUILDER_SOURCE_REVIEW,01960e9f7a11d934a999aa0037ec4831a3392fab60cc5aa8d2c7033a35ce083a,PASS
176,assets/ui_assets/CONTACT_SHEET_GLOBAL.png,evidence,970x590,True,AI-UI-atlas-crop,V04 master / V05 AI source atlas / protected owner asset,"decode=PASS;size=(970, 590);alpha=True",PASS_BUILDER_SOURCE_REVIEW,959758bdc93a0f0d94cf6b2ddd96ca5e9ba3cbcd7ba1a529c3d17faa3dfb5e73,PASS
177,assets/ui_assets/CONTACT_SHEET_ISLANDS.png,evidence,1208x630,True,AI-UI-atlas-crop,V04 master / V05 AI source atlas / protected owner asset,"decode=PASS;size=(1208, 630);alpha=True",PASS_BUILDER_SOURCE_REVIEW,10b08ca51dd08b44806e03518938bd9c0a31fcd0f77f382d222e17d0f68698a4,PASS
178,assets/ui_assets/CONTACT_SHEET_MAJOR_SCREENS.png,evidence,970x690,True,AI-UI-atlas-crop,V04 master / V05 AI source atlas / protected owner asset,"decode=PASS;size=(970, 690);alpha=True",PASS_BUILDER_SOURCE_REVIEW,f511853b3e07bc9976e61efd08660e727245f3fee83c3021c22f93e3afce882e,PASS
179,assets/ui_assets/CONTACT_SHEET_SCREENS.png,evidence,970x1026,True,AI-UI-atlas-crop,V04 master / V05 AI source atlas / protected owner asset,"decode=PASS;size=(970, 1026);alpha=True",PASS_BUILDER_SOURCE_REVIEW,531ba30466b247a21236db819133a70891a6cd154e03fbac57195c2c24876d59,PASS
180,assets/ui_assets/CONTACT_SHEET_SEMANTIC_ICONS.png,evidence,1026x1098,True,AI-UI-atlas-crop,V04 master / V05 AI source atlas / protected owner asset,"decode=PASS;size=(1026, 1098);alpha=True",PASS_BUILDER_SOURCE_REVIEW,42d4d044897a85b3eda12b5fcaeedbb7c0806fd5b8ad664b3ec71a95ad1a5c1b,PASS
181,assets/ui_assets/CONTACT_SHEET_STATEFUL_UI.png,evidence,850x1906,True,AI-UI-atlas-crop,V04 master / V05 AI source atlas / protected owner asset,"decode=PASS;size=(850, 1906);alpha=True",PASS_BUILDER_SOURCE_REVIEW,5a284f6e3aae4b38060e75cf2ac60783a9edffaf3e07add3c4892932bb18c438,PASS
182,assets/ui_assets/CONTACT_SHEET_TABLES.png,evidence,1208x1296,True,AI-UI-atlas-crop,V04 master / V05 AI source atlas / protected owner asset,"decode=PASS;size=(1208, 1296);alpha=True",PASS_BUILDER_SOURCE_REVIEW,718043d78789c6914116cbeb540a20de25627059659c2fdaef34bae4484f35e1,PASS
183,assets/ui_assets/effects/combo_badge.png,effects,128x128,True,AI-effects-atlas-crop,V04 master / V05 AI source atlas / protected owner asset,"decode=PASS;size=(128, 128);alpha=True",PASS_BUILDER_SOURCE_REVIEW,8f68f034bd273aa52d2d4ff45bf903b60ad8c1a93e9d091db90baaf5929cf79a,PASS
184,assets/ui_assets/effects/combo_glow.png,effects,220x160,True,AI-effects-atlas-crop,V04 master / V05 AI source atlas / protected owner asset,"decode=PASS;size=(220, 160);alpha=True",PASS_BUILDER_SOURCE_REVIEW,0b820a13d05d70dff42f746871efa006d754db0b48801003f2a5f559398c665f,PASS
185,assets/ui_assets/effects/confetti_strip.png,effects,220x160,True,AI-effects-atlas-crop,V04 master / V05 AI source atlas / protected owner asset,"decode=PASS;size=(220, 160);alpha=True",PASS_BUILDER_SOURCE_REVIEW,c69ca700c34c793a75dff28bd1aaf142f28c389fc2f06313ccf0a8e1671d5a47,PASS
186,assets/ui_assets/effects/merge_flash.png,effects,220x160,True,AI-effects-atlas-crop,V04 master / V05 AI source atlas / protected owner asset,"decode=PASS;size=(220, 160);alpha=True",PASS_BUILDER_SOURCE_REVIEW,51098187d6670f87741b7491ac82d585dfc98f4a13fa861f7438238449988d7c,PASS
187,assets/ui_assets/effects/merge_ring.png,effects,220x160,True,AI-effects-atlas-crop,V04 master / V05 AI source atlas / protected owner asset,"decode=PASS;size=(220, 160);alpha=True",PASS_BUILDER_SOURCE_REVIEW,51098187d6670f87741b7491ac82d585dfc98f4a13fa861f7438238449988d7c,PASS
188,assets/ui_assets/effects/milestone_glow.png,effects,220x160,True,AI-effects-atlas-crop,V04 master / V05 AI source atlas / protected owner asset,"decode=PASS;size=(220, 160);alpha=True",PASS_BUILDER_SOURCE_REVIEW,85647963aaa30e29fc3e989cb40757d6be2c9a18b0adce876ebdaa6ac72abcda,PASS
189,assets/ui_assets/effects/order_complete_flash.png,effects,220x160,True,AI-effects-atlas-crop,V04 master / V05 AI source atlas / protected owner asset,"decode=PASS;size=(220, 160);alpha=True",PASS_BUILDER_SOURCE_REVIEW,56bddb41f00f45a29b551c1af05600d70bc7309fb26ecc1037a15c5087b4b8c1,PASS
190,assets/ui_assets/effects/score_pop_bg.png,effects,220x160,True,AI-effects-atlas-crop,V04 master / V05 AI source atlas / protected owner asset,"decode=PASS;size=(220, 160);alpha=True",PASS_BUILDER_SOURCE_REVIEW,0b229568e34261716f77aad39cabbcf54a8d32384ff317a093c31b01ccd5a09e,PASS
191,assets/ui_assets/effects/sparkle_large.png,effects,220x160,True,AI-effects-atlas-crop,V04 master / V05 AI source atlas / protected owner asset,"decode=PASS;size=(220, 160);alpha=True",PASS_BUILDER_SOURCE_REVIEW,0b820a13d05d70dff42f746871efa006d754db0b48801003f2a5f559398c665f,PASS
192,assets/ui_assets/effects/sparkle_small.png,effects,220x160,True,AI-effects-atlas-crop,V04 master / V05 AI source atlas / protected owner asset,"decode=PASS;size=(220, 160);alpha=True",PASS_BUILDER_SOURCE_REVIEW,0b820a13d05d70dff42f746871efa006d754db0b48801003f2a5f559398c665f,PASS
193,assets/ui_assets/effects/timer_warning_glow.png,effects,220x160,True,AI-effects-atlas-crop,V04 master / V05 AI source atlas / protected owner asset,"decode=PASS;size=(220, 160);alpha=True",PASS_BUILDER_SOURCE_REVIEW,9cd2970a27d2454a02c225e2c97562c45e8e1a961d46680ec78510b1205f1848,PASS
194,assets/ui_assets/effects/to_go_trail_variant.png,effects,220x160,True,AI-effects-atlas-crop,V04 master / V05 AI source atlas / protected owner asset,"decode=PASS;size=(220, 160);alpha=True",PASS_BUILDER_SOURCE_REVIEW,50c15508063d10147a7e2525d66091f323fa09d7f8278d7ff15b296f34d2cbd4,PASS
195,assets/ui_assets/effects/vip_complete_flash.png,effects,220x160,True,AI-effects-atlas-crop,V04 master / V05 AI source atlas / protected owner asset,"decode=PASS;size=(220, 160);alpha=True",PASS_BUILDER_SOURCE_REVIEW,c644803ba43072d3d29bf2e95da5b13cef8c4badcd75f55ba63eb5a1d1fba44b,PASS
196,assets/ui_assets/effects/win_rays.png,effects,220x160,True,AI-effects-atlas-crop,V04 master / V05 AI source atlas / protected owner asset,"decode=PASS;size=(220, 160);alpha=True",PASS_BUILDER_SOURCE_REVIEW,e23a9929fc45a49cb35746e678b5eeeae981f7e4348477fb6fff1fb758c8082b,PASS
197,assets/ui_assets/screens/daily_reward/button_claim.png,screens/daily_reward,360x104,True,AI-UI-atlas-crop,V04 master / V05 AI source atlas / protected owner asset,"decode=PASS;size=(360, 104);alpha=True",PASS_BUILDER_SOURCE_REVIEW,875e3b276ffe2a0c9793e189ee894985c785dd49f3bb95fa4e5e15158ad7e267,PASS
198,assets/ui_assets/screens/daily_reward/daily_chest.png,screens/daily_reward,128x128,True,AI-UI-atlas-crop,V04 master / V05 AI source atlas / protected owner asset,"decode=PASS;size=(128, 128);alpha=True",PASS_BUILDER_SOURCE_REVIEW,22aaaf9d2dfb10276fbc46c5050fcc8100e6a00ead255694c8859bfc6e7c7225,PASS
199,assets/ui_assets/screens/daily_reward/daily_day_claimed.png,screens/daily_reward,220x160,True,AI-UI-atlas-crop,V04 master / V05 AI source atlas / protected owner asset,"decode=PASS;size=(220, 160);alpha=True",PASS_BUILDER_SOURCE_REVIEW,c5795e602a999dd9cab3fcf8da05eca4e8986c00af817071270aa5897190f8f8,PASS
200,assets/ui_assets/screens/daily_reward/daily_day_current.png,screens/daily_reward,220x160,True,AI-UI-atlas-crop,V04 master / V05 AI source atlas / protected owner asset,"decode=PASS;size=(220, 160);alpha=True",PASS_BUILDER_SOURCE_REVIEW,1a7310f8489411a9ef67baec9609182edae5a5b2f5eb3bb340f4a95dc6f2d79c,PASS
201,assets/ui_assets/screens/daily_reward/daily_day_locked.png,screens/daily_reward,220x160,True,AI-UI-atlas-crop,V04 master / V05 AI source atlas / protected owner asset,"decode=PASS;size=(220, 160);alpha=True",PASS_BUILDER_SOURCE_REVIEW,750231301268e0e04caaf0ed2401523da3d441e0b4e77008edea19682420ecae,PASS
202,assets/ui_assets/screens/daily_reward/daily_day_slot.png,screens/daily_reward,440x190,True,AI-UI-atlas-crop,V04 master / V05 AI source atlas / protected owner asset,"decode=PASS;size=(440, 190);alpha=True",PASS_BUILDER_SOURCE_REVIEW,ae3c70a0d5a3ff498ff8d540ec05537498f1dfb885a8e78d359ac7fe28f00885,PASS
203,assets/ui_assets/screens/daily_reward/daily_reward_background.png,screens/daily_reward,720x1280,True,AI-screen-atlas-crop,V04 master / V05 AI source atlas / protected owner asset,"decode=PASS;size=(720, 1280);alpha=True",PASS_BUILDER_SOURCE_REVIEW,ae52ce34ee530844c605c83f79dba075a892a7ccba0385e5655791cfe5ef00ea,PASS
204,assets/ui_assets/screens/daily_reward/daily_reward_panel.png,screens/daily_reward,440x190,True,AI-UI-atlas-crop,V04 master / V05 AI source atlas / protected owner asset,"decode=PASS;size=(440, 190);alpha=True",PASS_BUILDER_SOURCE_REVIEW,ae3c70a0d5a3ff498ff8d540ec05537498f1dfb885a8e78d359ac7fe28f00885,PASS
205,assets/ui_assets/screens/daily_reward/streak_badge.png,screens/daily_reward,128x128,True,AI-UI-atlas-crop,V04 master / V05 AI source atlas / protected owner asset,"decode=PASS;size=(128, 128);alpha=True",PASS_BUILDER_SOURCE_REVIEW,ced10a5e06c8b7de1ac62dfecbd71e4c5de57e804c8bb156b743a3730fbd5142,PASS
206,assets/ui_assets/screens/main_menu/coin_counter_panel.png,screens/main_menu,440x190,True,AI-UI-atlas-crop,V04 master / V05 AI source atlas / protected owner asset,"decode=PASS;size=(440, 190);alpha=True",PASS_BUILDER_SOURCE_REVIEW,d77dde3ec99e32399371ec8f0439443f1f243ebf5b7b9fedc455f172123a444b,PASS
207,assets/ui_assets/screens/main_menu/gem_counter_panel.png,screens/main_menu,440x190,True,AI-UI-atlas-crop,V04 master / V05 AI source atlas / protected owner asset,"decode=PASS;size=(440, 190);alpha=True",PASS_BUILDER_SOURCE_REVIEW,8e076f830c712fc6553e7f78d7481e163db66a4549745dff98068a2726c456a4,PASS
208,assets/ui_assets/screens/main_menu/main_menu_background.png,screens/main_menu,720x1280,True,V04-main-menu-master-resize,V04 master / V05 AI source atlas / protected owner asset,"decode=PASS;size=(720, 1280);alpha=True",PASS_BUILDER_SOURCE_REVIEW,009076df7862ff83e7f0a5f9940b4c9ece304249b8eefdab10db8e10bc8f0abb,PASS
209,assets/ui_assets/screens/main_menu/main_menu_daily_button.png,screens/main_menu,360x104,True,AI-UI-atlas-crop,V04 master / V05 AI source atlas / protected owner asset,"decode=PASS;size=(360, 104);alpha=True",PASS_BUILDER_SOURCE_REVIEW,0459c17c0c6587d55224ae1d223862787689f9d9b9bdb10dde7ed30972e86807,PASS
210,assets/ui_assets/screens/main_menu/main_menu_decor_left.png,screens/main_menu,300x380,True,AI-UI-atlas-crop,V04 master / V05 AI source atlas / protected owner asset,"decode=PASS;size=(300, 380);alpha=True",PASS_BUILDER_SOURCE_REVIEW,f286552225d4e9c10b80d83535d9141a99ad070df61eb30b2ae1f91491ec0479,PASS
211,assets/ui_assets/screens/main_menu/main_menu_decor_right.png,screens/main_menu,300x380,True,AI-UI-atlas-crop,V04 master / V05 AI source atlas / protected owner asset,"decode=PASS;size=(300, 380);alpha=True",PASS_BUILDER_SOURCE_REVIEW,f286552225d4e9c10b80d83535d9141a99ad070df61eb30b2ae1f91491ec0479,PASS
212,assets/ui_assets/screens/main_menu/main_menu_logo_frame.png,screens/main_menu,440x190,True,AI-UI-atlas-crop,V04 master / V05 AI source atlas / protected owner asset,"decode=PASS;size=(440, 190);alpha=True",PASS_BUILDER_SOURCE_REVIEW,ae3c70a0d5a3ff498ff8d540ec05537498f1dfb885a8e78d359ac7fe28f00885,PASS
213,assets/ui_assets/screens/main_menu/main_menu_play_button.png,screens/main_menu,360x104,True,AI-UI-atlas-crop,V04 master / V05 AI source atlas / protected owner asset,"decode=PASS;size=(360, 104);alpha=True",PASS_BUILDER_SOURCE_REVIEW,875e3b276ffe2a0c9793e189ee894985c785dd49f3bb95fa4e5e15158ad7e267,PASS
214,assets/ui_assets/screens/main_menu/main_menu_settings_button.png,screens/main_menu,360x104,True,AI-UI-atlas-crop,V04 master / V05 AI source atlas / protected owner asset,"decode=PASS;size=(360, 104);alpha=True",PASS_BUILDER_SOURCE_REVIEW,0459c17c0c6587d55224ae1d223862787689f9d9b9bdb10dde7ed30972e86807,PASS
215,assets/ui_assets/screens/main_menu/main_menu_shop_button.png,screens/main_menu,360x104,True,AI-UI-atlas-crop,V04 master / V05 AI source atlas / protected owner asset,"decode=PASS;size=(360, 104);alpha=True",PASS_BUILDER_SOURCE_REVIEW,0459c17c0c6587d55224ae1d223862787689f9d9b9bdb10dde7ed30972e86807,PASS
216,assets/ui_assets/screens/main_menu/main_menu_world_map_button.png,screens/main_menu,360x104,True,AI-UI-atlas-crop,V04 master / V05 AI source atlas / protected owner asset,"decode=PASS;size=(360, 104);alpha=True",PASS_BUILDER_SOURCE_REVIEW,0459c17c0c6587d55224ae1d223862787689f9d9b9bdb10dde7ed30972e86807,PASS
217,assets/ui_assets/screens/main_menu/profile_frame.png,screens/main_menu,440x190,True,AI-UI-atlas-crop,V04 master / V05 AI source atlas / protected owner asset,"decode=PASS;size=(440, 190);alpha=True",PASS_BUILDER_SOURCE_REVIEW,ae3c70a0d5a3ff498ff8d540ec05537498f1dfb885a8e78d359ac7fe28f00885,PASS
218,assets/ui_assets/screens/milestones/button_claim.png,screens/milestones,360x104,True,AI-UI-atlas-crop,V04 master / V05 AI source atlas / protected owner asset,"decode=PASS;size=(360, 104);alpha=True",PASS_BUILDER_SOURCE_REVIEW,875e3b276ffe2a0c9793e189ee894985c785dd49f3bb95fa4e5e15158ad7e267,PASS
219,assets/ui_assets/screens/milestones/button_continue.png,screens/milestones,360x104,True,AI-UI-atlas-crop,V04 master / V05 AI source atlas / protected owner asset,"decode=PASS;size=(360, 104);alpha=True",PASS_BUILDER_SOURCE_REVIEW,875e3b276ffe2a0c9793e189ee894985c785dd49f3bb95fa4e5e15158ad7e267,PASS
220,assets/ui_assets/screens/milestones/island_complete_panel.png,screens/milestones,440x190,True,AI-UI-atlas-crop,V04 master / V05 AI source atlas / protected owner asset,"decode=PASS;size=(440, 190);alpha=True",PASS_BUILDER_SOURCE_REVIEW,78cf1fca078d857502aac607c9ba8b3f1b8a0fa7306b9daa365a1ee9bff941a2,PASS
221,assets/ui_assets/screens/milestones/island_complete_ribbon.png,screens/milestones,220x160,True,AI-UI-atlas-crop,V04 master / V05 AI source atlas / protected owner asset,"decode=PASS;size=(220, 160);alpha=True",PASS_BUILDER_SOURCE_REVIEW,c5795e602a999dd9cab3fcf8da05eca4e8986c00af817071270aa5897190f8f8,PASS
222,assets/ui_assets/screens/milestones/milestone_banner.png,screens/milestones,220x160,True,AI-UI-atlas-crop,V04 master / V05 AI source atlas / protected owner asset,"decode=PASS;size=(220, 160);alpha=True",PASS_BUILDER_SOURCE_REVIEW,1a7310f8489411a9ef67baec9609182edae5a5b2f5eb3bb340f4a95dc6f2d79c,PASS
223,assets/ui_assets/screens/milestones/milestone_chest_closed.png,screens/milestones,128x128,True,AI-UI-atlas-crop,V04 master / V05 AI source atlas / protected owner asset,"decode=PASS;size=(128, 128);alpha=True",PASS_BUILDER_SOURCE_REVIEW,20efa04870ad1969bacaf032084e7fe74d3f812c675fc40f824854c3d010f2e5,PASS
224,assets/ui_assets/screens/milestones/milestone_chest_open.png,screens/milestones,128x128,True,AI-UI-atlas-crop,V04 master / V05 AI source atlas / protected owner asset,"decode=PASS;size=(128, 128);alpha=True",PASS_BUILDER_SOURCE_REVIEW,ff2c52cb052eddbafe619cc4776f10ced0fc5de5739c1b6e0f033ba90303db20,PASS
225,assets/ui_assets/screens/milestones/milestone_glow.png,screens/milestones,220x160,True,AI-effects-atlas-crop,V04 master / V05 AI source atlas / protected owner asset,"decode=PASS;size=(220, 160);alpha=True",PASS_BUILDER_SOURCE_REVIEW,e23a9929fc45a49cb35746e678b5eeeae981f7e4348477fb6fff1fb758c8082b,PASS
226,assets/ui_assets/screens/milestones/milestone_reward_panel.png,screens/milestones,440x190,True,AI-UI-atlas-crop,V04 master / V05 AI source atlas / protected owner asset,"decode=PASS;size=(440, 190);alpha=True",PASS_BUILDER_SOURCE_REVIEW,ae3c70a0d5a3ff498ff8d540ec05537498f1dfb885a8e78d359ac7fe28f00885,PASS
227,assets/ui_assets/screens/milestones/next_island_unlock_frame.png,screens/milestones,440x190,True,AI-UI-atlas-crop,V04 master / V05 AI source atlas / protected owner asset,"decode=PASS;size=(440, 190);alpha=True",PASS_BUILDER_SOURCE_REVIEW,b344836f5fc62a33517ffc6334775d9505be571aa63affa9041a15d70d1405b4,PASS
228,assets/ui_assets/screens/milestones/reward_slot.png,screens/milestones,440x190,True,AI-UI-atlas-crop,V04 master / V05 AI source atlas / protected owner asset,"decode=PASS;size=(440, 190);alpha=True",PASS_BUILDER_SOURCE_REVIEW,ae3c70a0d5a3ff498ff8d540ec05537498f1dfb885a8e78d359ac7fe28f00885,PASS
229,assets/ui_assets/screens/pause/button_quit.png,screens/pause,360x104,True,AI-UI-atlas-crop,V04 master / V05 AI source atlas / protected owner asset,"decode=PASS;size=(360, 104);alpha=True",PASS_BUILDER_SOURCE_REVIEW,cef574d9fe6801cc0956de0fb4334d1fa5a72d217d48205730e20a57844cff64,PASS
230,assets/ui_assets/screens/pause/button_restart.png,screens/pause,128x128,True,AI-UI-atlas-crop,V04 master / V05 AI source atlas / protected owner asset,"decode=PASS;size=(128, 128);alpha=True",PASS_BUILDER_SOURCE_REVIEW,45ebb52f3eef5a57c6ac598f27cbeff12a4f3bd1fa60741eb038eea6f1cfd79d,PASS
231,assets/ui_assets/screens/pause/button_resume.png,screens/pause,360x104,True,AI-UI-atlas-crop,V04 master / V05 AI source atlas / protected owner asset,"decode=PASS;size=(360, 104);alpha=True",PASS_BUILDER_SOURCE_REVIEW,875e3b276ffe2a0c9793e189ee894985c785dd49f3bb95fa4e5e15158ad7e267,PASS
232,assets/ui_assets/screens/pause/button_settings.png,screens/pause,360x104,True,AI-UI-atlas-crop,V04 master / V05 AI source atlas / protected owner asset,"decode=PASS;size=(360, 104);alpha=True",PASS_BUILDER_SOURCE_REVIEW,0459c17c0c6587d55224ae1d223862787689f9d9b9bdb10dde7ed30972e86807,PASS
233,assets/ui_assets/screens/pause/button_world_map.png,screens/pause,360x104,True,AI-UI-atlas-crop,V04 master / V05 AI source atlas / protected owner asset,"decode=PASS;size=(360, 104);alpha=True",PASS_BUILDER_SOURCE_REVIEW,0459c17c0c6587d55224ae1d223862787689f9d9b9bdb10dde7ed30972e86807,PASS
234,assets/ui_assets/screens/pause/pause_panel.png,screens/pause,440x190,True,AI-UI-atlas-crop,V04 master / V05 AI source atlas / protected owner asset,"decode=PASS;size=(440, 190);alpha=True",PASS_BUILDER_SOURCE_REVIEW,ae3c70a0d5a3ff498ff8d540ec05537498f1dfb885a8e78d359ac7fe28f00885,PASS
235,assets/ui_assets/screens/prelevel/booster_selector_panel.png,screens/prelevel,440x190,True,AI-UI-atlas-crop,V04 master / V05 AI source atlas / protected owner asset,"decode=PASS;size=(440, 190);alpha=True",PASS_BUILDER_SOURCE_REVIEW,ae3c70a0d5a3ff498ff8d540ec05537498f1dfb885a8e78d359ac7fe28f00885,PASS
236,assets/ui_assets/screens/prelevel/button_close_prelevel.png,screens/prelevel,360x104,True,AI-UI-atlas-crop,V04 master / V05 AI source atlas / protected owner asset,"decode=PASS;size=(360, 104);alpha=True",PASS_BUILDER_SOURCE_REVIEW,cef574d9fe6801cc0956de0fb4334d1fa5a72d217d48205730e20a57844cff64,PASS
237,assets/ui_assets/screens/prelevel/button_play_level.png,screens/prelevel,360x104,True,AI-UI-atlas-crop,V04 master / V05 AI source atlas / protected owner asset,"decode=PASS;size=(360, 104);alpha=True",PASS_BUILDER_SOURCE_REVIEW,875e3b276ffe2a0c9793e189ee894985c785dd49f3bb95fa4e5e15158ad7e267,PASS
238,assets/ui_assets/screens/prelevel/level_number_badge.png,screens/prelevel,128x128,True,AI-UI-atlas-crop,V04 master / V05 AI source atlas / protected owner asset,"decode=PASS;size=(128, 128);alpha=True",PASS_BUILDER_SOURCE_REVIEW,ced10a5e06c8b7de1ac62dfecbd71e4c5de57e804c8bb156b743a3730fbd5142,PASS
239,assets/ui_assets/screens/prelevel/order_slot.png,screens/prelevel,440x190,True,AI-UI-atlas-crop,V04 master / V05 AI source atlas / protected owner asset,"decode=PASS;size=(440, 190);alpha=True",PASS_BUILDER_SOURCE_REVIEW,ae3c70a0d5a3ff498ff8d540ec05537498f1dfb885a8e78d359ac7fe28f00885,PASS
240,assets/ui_assets/screens/prelevel/prelevel_panel.png,screens/prelevel,440x190,True,AI-UI-atlas-crop,V04 master / V05 AI source atlas / protected owner asset,"decode=PASS;size=(440, 190);alpha=True",PASS_BUILDER_SOURCE_REVIEW,ae3c70a0d5a3ff498ff8d540ec05537498f1dfb885a8e78d359ac7fe28f00885,PASS
241,assets/ui_assets/screens/prelevel/timer_icon.png,screens/prelevel,128x128,True,AI-UI-atlas-crop,V04 master / V05 AI source atlas / protected owner asset,"decode=PASS;size=(128, 128);alpha=True",PASS_BUILDER_SOURCE_REVIEW,7490d2bb2c74f92265b56de14155f09d3cc65caa07491220a2987274b61b5d0d,PASS
242,assets/ui_assets/screens/prelevel/timer_panel_small.png,screens/prelevel,440x190,True,AI-UI-atlas-crop,V04 master / V05 AI source atlas / protected owner asset,"decode=PASS;size=(440, 190);alpha=True",PASS_BUILDER_SOURCE_REVIEW,16e814b16952e9fb88c23ffe19786ae172d87dbfcea2660f0e49dbe6d1cfe3fa,PASS
243,assets/ui_assets/screens/prelevel/vip_badge.png,screens/prelevel,128x128,True,AI-UI-atlas-crop,V04 master / V05 AI source atlas / protected owner asset,"decode=PASS;size=(128, 128);alpha=True",PASS_BUILDER_SOURCE_REVIEW,c3f7981a2b496b7d78057468b74de2d80c1c3d304295eb39fa506c9ce349c1e9,PASS
244,assets/ui_assets/screens/prelevel/vip_reward_slot.png,screens/prelevel,440x190,True,AI-UI-atlas-crop,V04 master / V05 AI source atlas / protected owner asset,"decode=PASS;size=(440, 190);alpha=True",PASS_BUILDER_SOURCE_REVIEW,0b0ad81cb79f7b0ba98d075eacfb77848915c826a735f5d3ba690e7dbeaed1ae,PASS
245,assets/ui_assets/screens/results/button_add_time.png,screens/results,360x104,True,AI-UI-atlas-crop,V04 master / V05 AI source atlas / protected owner asset,"decode=PASS;size=(360, 104);alpha=True",PASS_BUILDER_SOURCE_REVIEW,875e3b276ffe2a0c9793e189ee894985c785dd49f3bb95fa4e5e15158ad7e267,PASS
246,assets/ui_assets/screens/results/button_island_map.png,screens/results,360x104,True,AI-UI-atlas-crop,V04 master / V05 AI source atlas / protected owner asset,"decode=PASS;size=(360, 104);alpha=True",PASS_BUILDER_SOURCE_REVIEW,875e3b276ffe2a0c9793e189ee894985c785dd49f3bb95fa4e5e15158ad7e267,PASS
247,assets/ui_assets/screens/results/button_next_level.png,screens/results,360x104,True,AI-UI-atlas-crop,V04 master / V05 AI source atlas / protected owner asset,"decode=PASS;size=(360, 104);alpha=True",PASS_BUILDER_SOURCE_REVIEW,875e3b276ffe2a0c9793e189ee894985c785dd49f3bb95fa4e5e15158ad7e267,PASS
248,assets/ui_assets/screens/results/button_replay.png,screens/results,360x104,True,AI-UI-atlas-crop,V04 master / V05 AI source atlas / protected owner asset,"decode=PASS;size=(360, 104);alpha=True",PASS_BUILDER_SOURCE_REVIEW,875e3b276ffe2a0c9793e189ee894985c785dd49f3bb95fa4e5e15158ad7e267,PASS
249,assets/ui_assets/screens/results/button_retry.png,screens/results,360x104,True,AI-UI-atlas-crop,V04 master / V05 AI source atlas / protected owner asset,"decode=PASS;size=(360, 104);alpha=True",PASS_BUILDER_SOURCE_REVIEW,cef574d9fe6801cc0956de0fb4334d1fa5a72d217d48205730e20a57844cff64,PASS
250,assets/ui_assets/screens/results/button_world_map_fail.png,screens/results,360x104,True,AI-UI-atlas-crop,V04 master / V05 AI source atlas / protected owner asset,"decode=PASS;size=(360, 104);alpha=True",PASS_BUILDER_SOURCE_REVIEW,0459c17c0c6587d55224ae1d223862787689f9d9b9bdb10dde7ed30972e86807,PASS
251,assets/ui_assets/screens/results/fail_timer_icon.png,screens/results,128x128,True,AI-UI-atlas-crop,V04 master / V05 AI source atlas / protected owner asset,"decode=PASS;size=(128, 128);alpha=True",PASS_BUILDER_SOURCE_REVIEW,7490d2bb2c74f92265b56de14155f09d3cc65caa07491220a2987274b61b5d0d,PASS
252,assets/ui_assets/screens/results/level_complete_panel.png,screens/results,440x190,True,AI-UI-atlas-crop,V04 master / V05 AI source atlas / protected owner asset,"decode=PASS;size=(440, 190);alpha=True",PASS_BUILDER_SOURCE_REVIEW,78cf1fca078d857502aac607c9ba8b3f1b8a0fa7306b9daa365a1ee9bff941a2,PASS
253,assets/ui_assets/screens/results/level_complete_title.png,screens/results,500x120,True,AI-UI-atlas-crop,V04 master / V05 AI source atlas / protected owner asset,"decode=PASS;size=(500, 120);alpha=True",PASS_BUILDER_SOURCE_REVIEW,01960e9f7a11d934a999aa0037ec4831a3392fab60cc5aa8d2c7033a35ce083a,PASS
254,assets/ui_assets/screens/results/level_failed_panel.png,screens/results,440x190,True,AI-UI-atlas-crop,V04 master / V05 AI source atlas / protected owner asset,"decode=PASS;size=(440, 190);alpha=True",PASS_BUILDER_SOURCE_REVIEW,ae3c70a0d5a3ff498ff8d540ec05537498f1dfb885a8e78d359ac7fe28f00885,PASS
255,assets/ui_assets/screens/results/remaining_order_slot.png,screens/results,440x190,True,AI-UI-atlas-crop,V04 master / V05 AI source atlas / protected owner asset,"decode=PASS;size=(440, 190);alpha=True",PASS_BUILDER_SOURCE_REVIEW,ae3c70a0d5a3ff498ff8d540ec05537498f1dfb885a8e78d359ac7fe28f00885,PASS
256,assets/ui_assets/screens/results/reward_slot.png,screens/results,440x190,True,AI-UI-atlas-crop,V04 master / V05 AI source atlas / protected owner asset,"decode=PASS;size=(440, 190);alpha=True",PASS_BUILDER_SOURCE_REVIEW,ae3c70a0d5a3ff498ff8d540ec05537498f1dfb885a8e78d359ac7fe28f00885,PASS
257,assets/ui_assets/screens/results/score_summary_panel.png,screens/results,440x190,True,AI-UI-atlas-crop,V04 master / V05 AI source atlas / protected owner asset,"decode=PASS;size=(440, 190);alpha=True",PASS_BUILDER_SOURCE_REVIEW,ae3c70a0d5a3ff498ff8d540ec05537498f1dfb885a8e78d359ac7fe28f00885,PASS
258,assets/ui_assets/screens/results/time_up_title.png,screens/results,500x120,True,AI-UI-atlas-crop,V04 master / V05 AI source atlas / protected owner asset,"decode=PASS;size=(500, 120);alpha=True",PASS_BUILDER_SOURCE_REVIEW,01960e9f7a11d934a999aa0037ec4831a3392fab60cc5aa8d2c7033a35ce083a,PASS
259,assets/ui_assets/screens/results/video_ad_icon.png,screens/results,128x128,True,AI-UI-atlas-crop,V04 master / V05 AI source atlas / protected owner asset,"decode=PASS;size=(128, 128);alpha=True",PASS_BUILDER_SOURCE_REVIEW,81598d17636ee42570aa95f9e63d27c261bf996932768d2b8dfdef741ec6daac,PASS
260,assets/ui_assets/screens/results/vip_complete_badge.png,screens/results,128x128,True,AI-UI-atlas-crop,V04 master / V05 AI source atlas / protected owner asset,"decode=PASS;size=(128, 128);alpha=True",PASS_BUILDER_SOURCE_REVIEW,c3f7981a2b496b7d78057468b74de2d80c1c3d304295eb39fa506c9ce349c1e9,PASS
261,assets/ui_assets/screens/rewarded_ad/button_no_thanks.png,screens/rewarded_ad,360x104,True,AI-UI-atlas-crop,V04 master / V05 AI source atlas / protected owner asset,"decode=PASS;size=(360, 104);alpha=True",PASS_BUILDER_SOURCE_REVIEW,cef574d9fe6801cc0956de0fb4334d1fa5a72d217d48205730e20a57844cff64,PASS
262,assets/ui_assets/screens/rewarded_ad/button_watch_ad.png,screens/rewarded_ad,360x104,True,AI-UI-atlas-crop,V04 master / V05 AI source atlas / protected owner asset,"decode=PASS;size=(360, 104);alpha=True",PASS_BUILDER_SOURCE_REVIEW,875e3b276ffe2a0c9793e189ee894985c785dd49f3bb95fa4e5e15158ad7e267,PASS
263,assets/ui_assets/screens/rewarded_ad/reward_ad_double_icon.png,screens/rewarded_ad,128x128,True,AI-UI-atlas-crop,V04 master / V05 AI source atlas / protected owner asset,"decode=PASS;size=(128, 128);alpha=True",PASS_BUILDER_SOURCE_REVIEW,358e768ebaa395870c4773458a34e8758388f6be88358fd9b3370a04c2a49218,PASS
264,assets/ui_assets/screens/rewarded_ad/reward_ad_time_icon.png,screens/rewarded_ad,128x128,True,AI-UI-atlas-crop,V04 master / V05 AI source atlas / protected owner asset,"decode=PASS;size=(128, 128);alpha=True",PASS_BUILDER_SOURCE_REVIEW,358e768ebaa395870c4773458a34e8758388f6be88358fd9b3370a04c2a49218,PASS
265,assets/ui_assets/screens/rewarded_ad/rewarded_ad_panel.png,screens/rewarded_ad,440x190,True,AI-UI-atlas-crop,V04 master / V05 AI source atlas / protected owner asset,"decode=PASS;size=(440, 190);alpha=True",PASS_BUILDER_SOURCE_REVIEW,ae3c70a0d5a3ff498ff8d540ec05537498f1dfb885a8e78d359ac7fe28f00885,PASS
266,assets/ui_assets/screens/rewarded_ad/video_ad_icon.png,screens/rewarded_ad,128x128,True,AI-UI-atlas-crop,V04 master / V05 AI source atlas / protected owner asset,"decode=PASS;size=(128, 128);alpha=True",PASS_BUILDER_SOURCE_REVIEW,81598d17636ee42570aa95f9e63d27c261bf996932768d2b8dfdef741ec6daac,PASS
267,assets/ui_assets/screens/settings/accessibility_icon.png,screens/settings,128x128,True,AI-UI-atlas-crop,V04 master / V05 AI source atlas / protected owner asset,"decode=PASS;size=(128, 128);alpha=True",PASS_BUILDER_SOURCE_REVIEW,7a80b7cb605fdf8b20ad46bd8543d48142a3cf648e4238fd2314a1bee979a63e,PASS
268,assets/ui_assets/screens/settings/button_close_settings.png,screens/settings,360x104,True,AI-UI-atlas-crop,V04 master / V05 AI source atlas / protected owner asset,"decode=PASS;size=(360, 104);alpha=True",PASS_BUILDER_SOURCE_REVIEW,cef574d9fe6801cc0956de0fb4334d1fa5a72d217d48205730e20a57844cff64,PASS
269,assets/ui_assets/screens/settings/haptic_icon.png,screens/settings,128x128,True,AI-UI-atlas-crop,V04 master / V05 AI source atlas / protected owner asset,"decode=PASS;size=(128, 128);alpha=True",PASS_BUILDER_SOURCE_REVIEW,c3f7981a2b496b7d78057468b74de2d80c1c3d304295eb39fa506c9ce349c1e9,PASS
270,assets/ui_assets/screens/settings/language_icon.png,screens/settings,128x128,True,AI-UI-atlas-crop,V04 master / V05 AI source atlas / protected owner asset,"decode=PASS;size=(128, 128);alpha=True",PASS_BUILDER_SOURCE_REVIEW,56183a6025c67092f375f337b871b7314b564bf89823b796f75a95ab2f8e5853,PASS
271,assets/ui_assets/screens/settings/music_icon.png,screens/settings,128x128,True,AI-UI-atlas-crop,V04 master / V05 AI source atlas / protected owner asset,"decode=PASS;size=(128, 128);alpha=True",PASS_BUILDER_SOURCE_REVIEW,e62dd737994c78bce95ede8fd1ee69a4aa43cecf15df1ccbece3d5b32356fb63,PASS
272,assets/ui_assets/screens/settings/privacy_icon.png,screens/settings,128x128,True,AI-UI-atlas-crop,V04 master / V05 AI source atlas / protected owner asset,"decode=PASS;size=(128, 128);alpha=True",PASS_BUILDER_SOURCE_REVIEW,68b2adf6413ac32838a5f64a98305148a4a338557d084db82c6aa1d49fe900c2,PASS
273,assets/ui_assets/screens/settings/restore_purchase_icon.png,screens/settings,128x128,True,AI-UI-atlas-crop,V04 master / V05 AI source atlas / protected owner asset,"decode=PASS;size=(128, 128);alpha=True",PASS_BUILDER_SOURCE_REVIEW,358e768ebaa395870c4773458a34e8758388f6be88358fd9b3370a04c2a49218,PASS
274,assets/ui_assets/screens/settings/settings_panel.png,screens/settings,440x190,True,AI-UI-atlas-crop,V04 master / V05 AI source atlas / protected owner asset,"decode=PASS;size=(440, 190);alpha=True",PASS_BUILDER_SOURCE_REVIEW,036b796168e7bdd22aaffeae0947e21aebdedae35cc1ac5f4cd7829e74fff7e0,PASS
275,assets/ui_assets/screens/settings/slider_handle.png,screens/settings,128x128,True,AI-UI-atlas-crop,V04 master / V05 AI source atlas / protected owner asset,"decode=PASS;size=(128, 128);alpha=True",PASS_BUILDER_SOURCE_REVIEW,358e768ebaa395870c4773458a34e8758388f6be88358fd9b3370a04c2a49218,PASS
276,assets/ui_assets/screens/settings/slider_track.png,screens/settings,420x54,True,AI-UI-atlas-crop,V04 master / V05 AI source atlas / protected owner asset,"decode=PASS;size=(420, 54);alpha=True",PASS_BUILDER_SOURCE_REVIEW,d60154c0bb54c92fc512777301f60eea5b1899277252262c3b65c688a31234d7,PASS
277,assets/ui_assets/screens/settings/sound_icon.png,screens/settings,128x128,True,AI-UI-atlas-crop,V04 master / V05 AI source atlas / protected owner asset,"decode=PASS;size=(128, 128);alpha=True",PASS_BUILDER_SOURCE_REVIEW,585ecc1afb4e16864207b3396370d6295d6c372ea2f64bc6392719c5e8cdf35d,PASS
278,assets/ui_assets/screens/settings/toggle_off.png,screens/settings,128x128,True,AI-UI-atlas-crop,V04 master / V05 AI source atlas / protected owner asset,"decode=PASS;size=(128, 128);alpha=True",PASS_BUILDER_SOURCE_REVIEW,e049565807a2a5fd05d572d77f96f8d666553af8fe6875d50030a075588847b3,PASS
279,assets/ui_assets/screens/settings/toggle_on.png,screens/settings,128x128,True,AI-UI-atlas-crop,V04 master / V05 AI source atlas / protected owner asset,"decode=PASS;size=(128, 128);alpha=True",PASS_BUILDER_SOURCE_REVIEW,c60a8ed83fe99a4e576400ed7a956428eb8030cf9059ecfbfb2f3c8dc6eff499,PASS
280,assets/ui_assets/screens/shop/best_value_badge.png,screens/shop,128x128,True,AI-UI-atlas-crop,V04 master / V05 AI source atlas / protected owner asset,"decode=PASS;size=(128, 128);alpha=True",PASS_BUILDER_SOURCE_REVIEW,3d121736526e4cd0e814e3d5648368cb68cc2dffb69879c07d103479d2d0bbef,PASS
281,assets/ui_assets/screens/shop/button_buy.png,screens/shop,360x104,True,AI-UI-atlas-crop,V04 master / V05 AI source atlas / protected owner asset,"decode=PASS;size=(360, 104);alpha=True",PASS_BUILDER_SOURCE_REVIEW,875e3b276ffe2a0c9793e189ee894985c785dd49f3bb95fa4e5e15158ad7e267,PASS
282,assets/ui_assets/screens/shop/coin_pack_icon_large.png,screens/shop,128x128,True,AI-UI-atlas-crop,V04 master / V05 AI source atlas / protected owner asset,"decode=PASS;size=(128, 128);alpha=True",PASS_BUILDER_SOURCE_REVIEW,74f381f6e611d857e9ab42750c661259f470159f18ccfc11804ca0ee9c223301,PASS
283,assets/ui_assets/screens/shop/coin_pack_icon_medium.png,screens/shop,128x128,True,AI-UI-atlas-crop,V04 master / V05 AI source atlas / protected owner asset,"decode=PASS;size=(128, 128);alpha=True",PASS_BUILDER_SOURCE_REVIEW,74f381f6e611d857e9ab42750c661259f470159f18ccfc11804ca0ee9c223301,PASS
284,assets/ui_assets/screens/shop/coin_pack_icon_small.png,screens/shop,128x128,True,AI-UI-atlas-crop,V04 master / V05 AI source atlas / protected owner asset,"decode=PASS;size=(128, 128);alpha=True",PASS_BUILDER_SOURCE_REVIEW,74f381f6e611d857e9ab42750c661259f470159f18ccfc11804ca0ee9c223301,PASS
285,assets/ui_assets/screens/shop/gem_pack_icon_large.png,screens/shop,128x128,True,AI-UI-atlas-crop,V04 master / V05 AI source atlas / protected owner asset,"decode=PASS;size=(128, 128);alpha=True",PASS_BUILDER_SOURCE_REVIEW,585ecc1afb4e16864207b3396370d6295d6c372ea2f64bc6392719c5e8cdf35d,PASS
286,assets/ui_assets/screens/shop/gem_pack_icon_medium.png,screens/shop,128x128,True,AI-UI-atlas-crop,V04 master / V05 AI source atlas / protected owner asset,"decode=PASS;size=(128, 128);alpha=True",PASS_BUILDER_SOURCE_REVIEW,585ecc1afb4e16864207b3396370d6295d6c372ea2f64bc6392719c5e8cdf35d,PASS
287,assets/ui_assets/screens/shop/gem_pack_icon_small.png,screens/shop,128x128,True,AI-UI-atlas-crop,V04 master / V05 AI source atlas / protected owner asset,"decode=PASS;size=(128, 128);alpha=True",PASS_BUILDER_SOURCE_REVIEW,585ecc1afb4e16864207b3396370d6295d6c372ea2f64bc6392719c5e8cdf35d,PASS
288,assets/ui_assets/screens/shop/sale_badge.png,screens/shop,128x128,True,AI-UI-atlas-crop,V04 master / V05 AI source atlas / protected owner asset,"decode=PASS;size=(128, 128);alpha=True",PASS_BUILDER_SOURCE_REVIEW,ced10a5e06c8b7de1ac62dfecbd71e4c5de57e804c8bb156b743a3730fbd5142,PASS
289,assets/ui_assets/screens/shop/shop_background.png,screens/shop,720x1280,True,AI-screen-atlas-crop,V04 master / V05 AI source atlas / protected owner asset,"decode=PASS;size=(720, 1280);alpha=True",PASS_BUILDER_SOURCE_REVIEW,7eead042c0e4a56eb3d2a23ddbcaf02bb27653f3fcdda34eb56c7227fba21df9,PASS
290,assets/ui_assets/screens/shop/shop_header.png,screens/shop,500x120,True,AI-UI-atlas-crop,V04 master / V05 AI source atlas / protected owner asset,"decode=PASS;size=(500, 120);alpha=True",PASS_BUILDER_SOURCE_REVIEW,01960e9f7a11d934a999aa0037ec4831a3392fab60cc5aa8d2c7033a35ce083a,PASS
291,assets/ui_assets/screens/shop/shop_item_card.png,screens/shop,440x190,True,AI-UI-atlas-crop,V04 master / V05 AI source atlas / protected owner asset,"decode=PASS;size=(440, 190);alpha=True",PASS_BUILDER_SOURCE_REVIEW,ae3c70a0d5a3ff498ff8d540ec05537498f1dfb885a8e78d359ac7fe28f00885,PASS
292,assets/ui_assets/screens/shop/shop_item_card_featured.png,screens/shop,440x190,True,AI-UI-atlas-crop,V04 master / V05 AI source atlas / protected owner asset,"decode=PASS;size=(440, 190);alpha=True",PASS_BUILDER_SOURCE_REVIEW,ae3c70a0d5a3ff498ff8d540ec05537498f1dfb885a8e78d359ac7fe28f00885,PASS
293,assets/ui_assets/screens/shop/shop_tab_boosters.png,screens/shop,220x160,True,AI-UI-atlas-crop,V04 master / V05 AI source atlas / protected owner asset,"decode=PASS;size=(220, 160);alpha=True",PASS_BUILDER_SOURCE_REVIEW,1a7310f8489411a9ef67baec9609182edae5a5b2f5eb3bb340f4a95dc6f2d79c,PASS
294,assets/ui_assets/screens/shop/shop_tab_currency.png,screens/shop,220x160,True,AI-UI-atlas-crop,V04 master / V05 AI source atlas / protected owner asset,"decode=PASS;size=(220, 160);alpha=True",PASS_BUILDER_SOURCE_REVIEW,1a7310f8489411a9ef67baec9609182edae5a5b2f5eb3bb340f4a95dc6f2d79c,PASS
295,assets/ui_assets/screens/shop/shop_tab_special.png,screens/shop,220x160,True,AI-UI-atlas-crop,V04 master / V05 AI source atlas / protected owner asset,"decode=PASS;size=(220, 160);alpha=True",PASS_BUILDER_SOURCE_REVIEW,1a7310f8489411a9ef67baec9609182edae5a5b2f5eb3bb340f4a95dc6f2d79c,PASS
296,assets/ui_assets/screens/shop/starter_pack_badge.png,screens/shop,128x128,True,AI-UI-atlas-crop,V04 master / V05 AI source atlas / protected owner asset,"decode=PASS;size=(128, 128);alpha=True",PASS_BUILDER_SOURCE_REVIEW,5680c67ad53f87a53441fa97d6fc2c50ebe1ec71d1cb391cd3b3aba29cae4ca7,PASS
297,assets/ui_assets/screens/social/friend_icon.png,screens/social,128x128,True,AI-UI-atlas-crop,V04 master / V05 AI source atlas / protected owner asset,"decode=PASS;size=(128, 128);alpha=True",PASS_BUILDER_SOURCE_REVIEW,ced10a5e06c8b7de1ac62dfecbd71e4c5de57e804c8bb156b743a3730fbd5142,PASS
298,assets/ui_assets/screens/social/leaderboard_panel.png,screens/social,440x190,True,AI-UI-atlas-crop,V04 master / V05 AI source atlas / protected owner asset,"decode=PASS;size=(440, 190);alpha=True",PASS_BUILDER_SOURCE_REVIEW,ae3c70a0d5a3ff498ff8d540ec05537498f1dfb885a8e78d359ac7fe28f00885,PASS
299,assets/ui_assets/screens/social/player_avatar_frame.png,screens/social,440x190,True,AI-UI-atlas-crop,V04 master / V05 AI source atlas / protected owner asset,"decode=PASS;size=(440, 190);alpha=True",PASS_BUILDER_SOURCE_REVIEW,ae3c70a0d5a3ff498ff8d540ec05537498f1dfb885a8e78d359ac7fe28f00885,PASS
300,assets/ui_assets/screens/social/rank_badge_1.png,screens/social,128x128,True,AI-UI-atlas-crop,V04 master / V05 AI source atlas / protected owner asset,"decode=PASS;size=(128, 128);alpha=True",PASS_BUILDER_SOURCE_REVIEW,ced10a5e06c8b7de1ac62dfecbd71e4c5de57e804c8bb156b743a3730fbd5142,PASS
301,assets/ui_assets/screens/social/rank_badge_2.png,screens/social,128x128,True,AI-UI-atlas-crop,V04 master / V05 AI source atlas / protected owner asset,"decode=PASS;size=(128, 128);alpha=True",PASS_BUILDER_SOURCE_REVIEW,ced10a5e06c8b7de1ac62dfecbd71e4c5de57e804c8bb156b743a3730fbd5142,PASS
302,assets/ui_assets/screens/social/rank_badge_3.png,screens/social,128x128,True,AI-UI-atlas-crop,V04 master / V05 AI source atlas / protected owner asset,"decode=PASS;size=(128, 128);alpha=True",PASS_BUILDER_SOURCE_REVIEW,ced10a5e06c8b7de1ac62dfecbd71e4c5de57e804c8bb156b743a3730fbd5142,PASS
303,assets/ui_assets/screens/social/share_icon.png,screens/social,128x128,True,AI-UI-atlas-crop,V04 master / V05 AI source atlas / protected owner asset,"decode=PASS;size=(128, 128);alpha=True",PASS_BUILDER_SOURCE_REVIEW,e6c9f5e095fc6608db386e0a2f24deb04bffb506a0ac66d017ec5eb5acdc5b93,PASS
304,assets/ui_assets/screens/splash/loading_bar_fill.png,screens/splash,420x54,True,AI-UI-atlas-crop,V04 master / V05 AI source atlas / protected owner asset,"decode=PASS;size=(420, 54);alpha=True",PASS_BUILDER_SOURCE_REVIEW,d60154c0bb54c92fc512777301f60eea5b1899277252262c3b65c688a31234d7,PASS
305,assets/ui_assets/screens/splash/loading_bar_frame.png,screens/splash,440x190,True,AI-UI-atlas-crop,V04 master / V05 AI source atlas / protected owner asset,"decode=PASS;size=(440, 190);alpha=True",PASS_BUILDER_SOURCE_REVIEW,ae3c70a0d5a3ff498ff8d540ec05537498f1dfb885a8e78d359ac7fe28f00885,PASS
306,assets/ui_assets/screens/splash/loading_cocktail_icon.png,screens/splash,128x128,True,AI-UI-atlas-crop,V04 master / V05 AI source atlas / protected owner asset,"decode=PASS;size=(128, 128);alpha=True",PASS_BUILDER_SOURCE_REVIEW,358e768ebaa395870c4773458a34e8758388f6be88358fd9b3370a04c2a49218,PASS
307,assets/ui_assets/screens/splash/loading_spinner.png,screens/splash,128x128,True,AI-UI-atlas-crop,V04 master / V05 AI source atlas / protected owner asset,"decode=PASS;size=(128, 128);alpha=True",PASS_BUILDER_SOURCE_REVIEW,358e768ebaa395870c4773458a34e8758388f6be88358fd9b3370a04c2a49218,PASS
308,assets/ui_assets/screens/splash/loading_tip_panel.png,screens/splash,440x190,True,AI-UI-atlas-crop,V04 master / V05 AI source atlas / protected owner asset,"decode=PASS;size=(440, 190);alpha=True",PASS_BUILDER_SOURCE_REVIEW,ae3c70a0d5a3ff498ff8d540ec05537498f1dfb885a8e78d359ac7fe28f00885,PASS
309,assets/ui_assets/screens/splash/splash_background.png,screens/splash,720x1280,True,V04-main-menu-master-resize,V04 master / V05 AI source atlas / protected owner asset,"decode=PASS;size=(720, 1280);alpha=True",PASS_BUILDER_SOURCE_REVIEW,009076df7862ff83e7f0a5f9940b4c9ece304249b8eefdab10db8e10bc8f0abb,PASS
310,assets/ui_assets/screens/tutorial/tutorial_arrow.png,screens/tutorial,128x128,True,AI-UI-atlas-crop,V04 master / V05 AI source atlas / protected owner asset,"decode=PASS;size=(128, 128);alpha=True",PASS_BUILDER_SOURCE_REVIEW,04b8c9cd60460259eade197969f070adaf2070e076987110f43bc5c1cdb153a3,PASS
311,assets/ui_assets/screens/tutorial/tutorial_hand.png,screens/tutorial,220x160,True,AI-UI-atlas-crop,V04 master / V05 AI source atlas / protected owner asset,"decode=PASS;size=(220, 160);alpha=True",PASS_BUILDER_SOURCE_REVIEW,1a7310f8489411a9ef67baec9609182edae5a5b2f5eb3bb340f4a95dc6f2d79c,PASS
312,assets/ui_assets/screens/tutorial/tutorial_highlight_ring.png,screens/tutorial,220x160,True,AI-UI-atlas-crop,V04 master / V05 AI source atlas / protected owner asset,"decode=PASS;size=(220, 160);alpha=True",PASS_BUILDER_SOURCE_REVIEW,1a7310f8489411a9ef67baec9609182edae5a5b2f5eb3bb340f4a95dc6f2d79c,PASS
313,assets/ui_assets/screens/tutorial/tutorial_merge_icon.png,screens/tutorial,128x128,True,AI-UI-atlas-crop,V04 master / V05 AI source atlas / protected owner asset,"decode=PASS;size=(128, 128);alpha=True",PASS_BUILDER_SOURCE_REVIEW,358e768ebaa395870c4773458a34e8758388f6be88358fd9b3370a04c2a49218,PASS
314,assets/ui_assets/screens/tutorial/tutorial_order_icon.png,screens/tutorial,128x128,True,AI-UI-atlas-crop,V04 master / V05 AI source atlas / protected owner asset,"decode=PASS;size=(128, 128);alpha=True",PASS_BUILDER_SOURCE_REVIEW,358e768ebaa395870c4773458a34e8758388f6be88358fd9b3370a04c2a49218,PASS
315,assets/ui_assets/screens/tutorial/tutorial_panel.png,screens/tutorial,440x190,True,AI-UI-atlas-crop,V04 master / V05 AI source atlas / protected owner asset,"decode=PASS;size=(440, 190);alpha=True",PASS_BUILDER_SOURCE_REVIEW,ae3c70a0d5a3ff498ff8d540ec05537498f1dfb885a8e78d359ac7fe28f00885,PASS
316,assets/ui_assets/screens/tutorial/tutorial_skip_button.png,screens/tutorial,360x104,True,AI-UI-atlas-crop,V04 master / V05 AI source atlas / protected owner asset,"decode=PASS;size=(360, 104);alpha=True",PASS_BUILDER_SOURCE_REVIEW,875e3b276ffe2a0c9793e189ee894985c785dd49f3bb95fa4e5e15158ad7e267,PASS
317,assets/ui_assets/screens/tutorial/tutorial_timer_icon.png,screens/tutorial,128x128,True,AI-UI-atlas-crop,V04 master / V05 AI source atlas / protected owner asset,"decode=PASS;size=(128, 128);alpha=True",PASS_BUILDER_SOURCE_REVIEW,7490d2bb2c74f92265b56de14155f09d3cc65caa07491220a2987274b61b5d0d,PASS
318,assets/ui_assets/screens/tutorial/tutorial_vip_badge.png,screens/tutorial,128x128,True,AI-UI-atlas-crop,V04 master / V05 AI source atlas / protected owner asset,"decode=PASS;size=(128, 128);alpha=True",PASS_BUILDER_SOURCE_REVIEW,c3f7981a2b496b7d78057468b74de2d80c1c3d304295eb39fa506c9ce349c1e9,PASS
319,assets/ui_assets/source/style_reference_board.png,source_reference,1774x887,False,protected-preserved,V04 master / V05 AI source atlas / protected owner asset,"decode=PASS;size=(1774, 887);alpha=False",PASS_BUILDER_SOURCE_REVIEW,9cf903fc947e10d0698b72f2f523450224e09647ea00b6b8c11bd2edd77120e9,PASS
320,assets/ui_assets/source/style_reference_board_remediation_v01.png,source_reference,1536x1024,False,protected-preserved,V04 master / V05 AI source atlas / protected owner asset,"decode=PASS;size=(1536, 1024);alpha=False",PASS_BUILDER_SOURCE_REVIEW,566d0dbef7c31dd02eec3ae56c3a5a77936943576f85aa39630210d9a9dbfbe8,PASS
321,assets/ui_assets/tables/table_edge_overlay_master.png,tables,720x1280,True,technical-table-mask-edge-composite,V04 master / V05 AI source atlas / protected owner asset,"decode=PASS;size=(720, 1280);alpha=True",PASS_BUILDER_SOURCE_REVIEW,879c13bcadb38f194a5dbe404bbd888ff4c786e7abc295f443ba2f3dc319078f,PASS
322,assets/ui_assets/tables/table_silhouette_mask.png,tables,720x1280,True,protected-preserved,V04 master / V05 AI source atlas / protected owner asset,"decode=PASS;size=(720, 1280);alpha=True",PASS_BUILDER_SOURCE_REVIEW,4dab7493e55b6195cad79cf4671276df85085179d2e5a44c83715756450bbe5d,PASS
323,assets/ui_assets/ui/boosters/booster_count_badge.png,ui/boosters,128x128,True,AI-UI-atlas-crop,V04 master / V05 AI source atlas / protected owner asset,"decode=PASS;size=(128, 128);alpha=True",PASS_BUILDER_SOURCE_REVIEW,ced10a5e06c8b7de1ac62dfecbd71e4c5de57e804c8bb156b743a3730fbd5142,PASS
324,assets/ui_assets/ui/boosters/booster_hammer.png,ui/boosters,220x160,True,AI-UI-atlas-crop,V04 master / V05 AI source atlas / protected owner asset,"decode=PASS;size=(220, 160);alpha=True",PASS_BUILDER_SOURCE_REVIEW,0b229568e34261716f77aad39cabbcf54a8d32384ff317a093c31b01ccd5a09e,PASS
325,assets/ui_assets/ui/boosters/booster_locked.png,ui/boosters,220x160,True,AI-UI-atlas-crop,V04 master / V05 AI source atlas / protected owner asset,"decode=PASS;size=(220, 160);alpha=True",PASS_BUILDER_SOURCE_REVIEW,750231301268e0e04caaf0ed2401523da3d441e0b4e77008edea19682420ecae,PASS
326,assets/ui_assets/ui/boosters/booster_selected.png,ui/boosters,220x160,True,AI-UI-atlas-crop,V04 master / V05 AI source atlas / protected owner asset,"decode=PASS;size=(220, 160);alpha=True",PASS_BUILDER_SOURCE_REVIEW,1a7310f8489411a9ef67baec9609182edae5a5b2f5eb3bb340f4a95dc6f2d79c,PASS
327,assets/ui_assets/ui/boosters/booster_shuffle.png,ui/boosters,220x160,True,AI-UI-atlas-crop,V04 master / V05 AI source atlas / protected owner asset,"decode=PASS;size=(220, 160);alpha=True",PASS_BUILDER_SOURCE_REVIEW,cc28111ae993176e5728de48c06dcd05e8d0727cacd804723581169e21c663e7,PASS
328,assets/ui_assets/ui/boosters/booster_slot.png,ui/boosters,440x190,True,AI-UI-atlas-crop,V04 master / V05 AI source atlas / protected owner asset,"decode=PASS;size=(440, 190);alpha=True",PASS_BUILDER_SOURCE_REVIEW,ae3c70a0d5a3ff498ff8d540ec05537498f1dfb885a8e78d359ac7fe28f00885,PASS
329,assets/ui_assets/ui/boosters/booster_time.png,ui/boosters,220x160,True,AI-UI-atlas-crop,V04 master / V05 AI source atlas / protected owner asset,"decode=PASS;size=(220, 160);alpha=True",PASS_BUILDER_SOURCE_REVIEW,50c15508063d10147a7e2525d66091f323fa09d7f8278d7ff15b296f34d2cbd4,PASS
330,assets/ui_assets/ui/boosters/booster_upgrade.png,ui/boosters,220x160,True,AI-UI-atlas-crop,V04 master / V05 AI source atlas / protected owner asset,"decode=PASS;size=(220, 160);alpha=True",PASS_BUILDER_SOURCE_REVIEW,1f52efdc6b7e4d1c7f32ed33d7f8725d6b7fc06fc7bfb343a0f15781eb6173dd,PASS
331,assets/ui_assets/ui/gameplay/level_label_panel.png,ui/gameplay,440x190,True,AI-UI-atlas-crop,V04 master / V05 AI source atlas / protected owner asset,"decode=PASS;size=(440, 190);alpha=True",PASS_BUILDER_SOURCE_REVIEW,ae3c70a0d5a3ff498ff8d540ec05537498f1dfb885a8e78d359ac7fe28f00885,PASS
332,assets/ui_assets/ui/gameplay/pause_button.png,ui/gameplay,360x104,True,AI-UI-atlas-crop,V04 master / V05 AI source atlas / protected owner asset,"decode=PASS;size=(360, 104);alpha=True",PASS_BUILDER_SOURCE_REVIEW,875e3b276ffe2a0c9793e189ee894985c785dd49f3bb95fa4e5e15158ad7e267,PASS
333,assets/ui_assets/ui/gameplay/timer_icon.png,ui/gameplay,128x128,True,AI-UI-atlas-crop,V04 master / V05 AI source atlas / protected owner asset,"decode=PASS;size=(128, 128);alpha=True",PASS_BUILDER_SOURCE_REVIEW,7490d2bb2c74f92265b56de14155f09d3cc65caa07491220a2987274b61b5d0d,PASS
334,assets/ui_assets/ui/gameplay/timer_panel.png,ui/gameplay,440x190,True,AI-UI-atlas-crop,V04 master / V05 AI source atlas / protected owner asset,"decode=PASS;size=(440, 190);alpha=True",PASS_BUILDER_SOURCE_REVIEW,16e814b16952e9fb88c23ffe19786ae172d87dbfcea2660f0e49dbe6d1cfe3fa,PASS
335,assets/ui_assets/ui/gameplay/timer_warning_glow.png,ui/gameplay,220x160,True,AI-UI-atlas-crop,V04 master / V05 AI source atlas / protected owner asset,"decode=PASS;size=(220, 160);alpha=True",PASS_BUILDER_SOURCE_REVIEW,9cd2970a27d2454a02c225e2c97562c45e8e1a961d46680ec78510b1205f1848,PASS
336,assets/ui_assets/ui/gameplay/vip_badge.png,ui/gameplay,128x128,True,AI-UI-atlas-crop,V04 master / V05 AI source atlas / protected owner asset,"decode=PASS;size=(128, 128);alpha=True",PASS_BUILDER_SOURCE_REVIEW,c3f7981a2b496b7d78057468b74de2d80c1c3d304295eb39fa506c9ce349c1e9,PASS
337,assets/ui_assets/ui/gameplay/vip_reward_frame.png,ui/gameplay,440x190,True,AI-UI-atlas-crop,V04 master / V05 AI source atlas / protected owner asset,"decode=PASS;size=(440, 190);alpha=True",PASS_BUILDER_SOURCE_REVIEW,0b0ad81cb79f7b0ba98d075eacfb77848915c826a735f5d3ba690e7dbeaed1ae,PASS
338,assets/ui_assets/ui/global/back_arrow.png,ui/global,128x128,True,AI-UI-atlas-crop,V04 master / V05 AI source atlas / protected owner asset,"decode=PASS;size=(128, 128);alpha=True",PASS_BUILDER_SOURCE_REVIEW,b7043f0b0aba3240b47b7af51e35dca46bd141b84599a2f5c76f50420b1516ec,PASS
339,assets/ui_assets/ui/global/button_danger.png,ui/global,360x104,True,AI-UI-atlas-crop,V04 master / V05 AI source atlas / protected owner asset,"decode=PASS;size=(360, 104);alpha=True",PASS_BUILDER_SOURCE_REVIEW,cef574d9fe6801cc0956de0fb4334d1fa5a72d217d48205730e20a57844cff64,PASS
340,assets/ui_assets/ui/global/button_disabled.png,ui/global,360x104,True,AI-UI-atlas-crop,V04 master / V05 AI source atlas / protected owner asset,"decode=PASS;size=(360, 104);alpha=True",PASS_BUILDER_SOURCE_REVIEW,875e3b276ffe2a0c9793e189ee894985c785dd49f3bb95fa4e5e15158ad7e267,PASS
341,assets/ui_assets/ui/global/button_icon_round.png,ui/global,128x128,True,AI-UI-atlas-crop,V04 master / V05 AI source atlas / protected owner asset,"decode=PASS;size=(128, 128);alpha=True",PASS_BUILDER_SOURCE_REVIEW,45ebb52f3eef5a57c6ac598f27cbeff12a4f3bd1fa60741eb038eea6f1cfd79d,PASS
342,assets/ui_assets/ui/global/button_locked.png,ui/global,360x104,True,AI-UI-atlas-crop,V04 master / V05 AI source atlas / protected owner asset,"decode=PASS;size=(360, 104);alpha=True",PASS_BUILDER_SOURCE_REVIEW,875e3b276ffe2a0c9793e189ee894985c785dd49f3bb95fa4e5e15158ad7e267,PASS
343,assets/ui_assets/ui/global/button_primary.png,ui/global,360x104,True,AI-UI-atlas-crop,V04 master / V05 AI source atlas / protected owner asset,"decode=PASS;size=(360, 104);alpha=True",PASS_BUILDER_SOURCE_REVIEW,875e3b276ffe2a0c9793e189ee894985c785dd49f3bb95fa4e5e15158ad7e267,PASS
344,assets/ui_assets/ui/global/button_secondary.png,ui/global,360x104,True,AI-UI-atlas-crop,V04 master / V05 AI source atlas / protected owner asset,"decode=PASS;size=(360, 104);alpha=True",PASS_BUILDER_SOURCE_REVIEW,875e3b276ffe2a0c9793e189ee894985c785dd49f3bb95fa4e5e15158ad7e267,PASS
345,assets/ui_assets/ui/global/button_small.png,ui/global,360x104,True,AI-UI-atlas-crop,V04 master / V05 AI source atlas / protected owner asset,"decode=PASS;size=(360, 104);alpha=True",PASS_BUILDER_SOURCE_REVIEW,875e3b276ffe2a0c9793e189ee894985c785dd49f3bb95fa4e5e15158ad7e267,PASS
346,assets/ui_assets/ui/global/check_icon.png,ui/global,128x128,True,AI-UI-atlas-crop,V04 master / V05 AI source atlas / protected owner asset,"decode=PASS;size=(128, 128);alpha=True",PASS_BUILDER_SOURCE_REVIEW,c60a8ed83fe99a4e576400ed7a956428eb8030cf9059ecfbfb2f3c8dc6eff499,PASS
347,assets/ui_assets/ui/global/close_x.png,ui/global,220x160,True,AI-UI-atlas-crop,V04 master / V05 AI source atlas / protected owner asset,"decode=PASS;size=(220, 160);alpha=True",PASS_BUILDER_SOURCE_REVIEW,cd50b823bb499c44c4bf637ef8764accd0060012022d8fb4024c1ff0b434e98a,PASS
348,assets/ui_assets/ui/global/complete_badge.png,ui/global,128x128,True,AI-UI-atlas-crop,V04 master / V05 AI source atlas / protected owner asset,"decode=PASS;size=(128, 128);alpha=True",PASS_BUILDER_SOURCE_REVIEW,c60a8ed83fe99a4e576400ed7a956428eb8030cf9059ecfbfb2f3c8dc6eff499,PASS
349,assets/ui_assets/ui/global/current_badge.png,ui/global,128x128,True,AI-UI-atlas-crop,V04 master / V05 AI source atlas / protected owner asset,"decode=PASS;size=(128, 128);alpha=True",PASS_BUILDER_SOURCE_REVIEW,3d121736526e4cd0e814e3d5648368cb68cc2dffb69879c07d103479d2d0bbef,PASS
350,assets/ui_assets/ui/global/daily_ready_badge.png,ui/global,128x128,True,AI-UI-atlas-crop,V04 master / V05 AI source atlas / protected owner asset,"decode=PASS;size=(128, 128);alpha=True",PASS_BUILDER_SOURCE_REVIEW,ced10a5e06c8b7de1ac62dfecbd71e4c5de57e804c8bb156b743a3730fbd5142,PASS
351,assets/ui_assets/ui/global/divider_gold.png,ui/global,520x36,True,AI-UI-atlas-crop,V04 master / V05 AI source atlas / protected owner asset,"decode=PASS;size=(520, 36);alpha=True",PASS_BUILDER_SOURCE_REVIEW,b921a8593b87bb07928dd9b217cb9e436f8a442a59c48d48b6ac9fcefa7bbc6d,PASS
352,assets/ui_assets/ui/global/finale_badge.png,ui/global,128x128,True,AI-UI-atlas-crop,V04 master / V05 AI source atlas / protected owner asset,"decode=PASS;size=(128, 128);alpha=True",PASS_BUILDER_SOURCE_REVIEW,ced10a5e06c8b7de1ac62dfecbd71e4c5de57e804c8bb156b743a3730fbd5142,PASS
353,assets/ui_assets/ui/global/help_icon.png,ui/global,128x128,True,AI-UI-atlas-crop,V04 master / V05 AI source atlas / protected owner asset,"decode=PASS;size=(128, 128);alpha=True",PASS_BUILDER_SOURCE_REVIEW,74f381f6e611d857e9ab42750c661259f470159f18ccfc11804ca0ee9c223301,PASS
354,assets/ui_assets/ui/global/home_icon.png,ui/global,128x128,True,AI-UI-atlas-crop,V04 master / V05 AI source atlas / protected owner asset,"decode=PASS;size=(128, 128);alpha=True",PASS_BUILDER_SOURCE_REVIEW,57a4f40d247923fd801c4f9b16094c4527674abde1ef0f741d4404578cc90d7c,PASS
355,assets/ui_assets/ui/global/info_icon.png,ui/global,128x128,True,AI-UI-atlas-crop,V04 master / V05 AI source atlas / protected owner asset,"decode=PASS;size=(128, 128);alpha=True",PASS_BUILDER_SOURCE_REVIEW,ad1bbfee08384ac64f3ffadaf72cff543bd314981de5f339535809daeebd521c,PASS
356,assets/ui_assets/ui/global/lock_icon.png,ui/global,128x128,True,AI-UI-atlas-crop,V04 master / V05 AI source atlas / protected owner asset,"decode=PASS;size=(128, 128);alpha=True",PASS_BUILDER_SOURCE_REVIEW,b2022b835ff6928c596c09be970581530990add0d2a5f76f0375446fa4eab1eb,PASS
357,assets/ui_assets/ui/global/map_icon.png,ui/global,128x128,True,AI-UI-atlas-crop,V04 master / V05 AI source atlas / protected owner asset,"decode=PASS;size=(128, 128);alpha=True",PASS_BUILDER_SOURCE_REVIEW,ea63e7e9c625267c7db11920a2a7ba60a51205f181b58c194e51ca3da410899b,PASS
358,assets/ui_assets/ui/global/milestone_badge.png,ui/global,128x128,True,AI-UI-atlas-crop,V04 master / V05 AI source atlas / protected owner asset,"decode=PASS;size=(128, 128);alpha=True",PASS_BUILDER_SOURCE_REVIEW,ced10a5e06c8b7de1ac62dfecbd71e4c5de57e804c8bb156b743a3730fbd5142,PASS
359,assets/ui_assets/ui/global/new_badge.png,ui/global,128x128,True,AI-UI-atlas-crop,V04 master / V05 AI source atlas / protected owner asset,"decode=PASS;size=(128, 128);alpha=True",PASS_BUILDER_SOURCE_REVIEW,ced10a5e06c8b7de1ac62dfecbd71e4c5de57e804c8bb156b743a3730fbd5142,PASS
360,assets/ui_assets/ui/global/new_content_badge.png,ui/global,128x128,True,AI-UI-atlas-crop,V04 master / V05 AI source atlas / protected owner asset,"decode=PASS;size=(128, 128);alpha=True",PASS_BUILDER_SOURCE_REVIEW,ced10a5e06c8b7de1ac62dfecbd71e4c5de57e804c8bb156b743a3730fbd5142,PASS
361,assets/ui_assets/ui/global/next_arrow.png,ui/global,128x128,True,AI-UI-atlas-crop,V04 master / V05 AI source atlas / protected owner asset,"decode=PASS;size=(128, 128);alpha=True",PASS_BUILDER_SOURCE_REVIEW,b9d3df2ba43ac21046c2b10cf51638b791540f919b28f2dc1e673b80418fbeaf,PASS
362,assets/ui_assets/ui/global/notification_dot.png,ui/global,128x128,True,AI-UI-atlas-crop,V04 master / V05 AI source atlas / protected owner asset,"decode=PASS;size=(128, 128);alpha=True",PASS_BUILDER_SOURCE_REVIEW,358e768ebaa395870c4773458a34e8758388f6be88358fd9b3370a04c2a49218,PASS
363,assets/ui_assets/ui/global/panel_generic_large.png,ui/global,440x190,True,AI-UI-atlas-crop,V04 master / V05 AI source atlas / protected owner asset,"decode=PASS;size=(440, 190);alpha=True",PASS_BUILDER_SOURCE_REVIEW,ae3c70a0d5a3ff498ff8d540ec05537498f1dfb885a8e78d359ac7fe28f00885,PASS
364,assets/ui_assets/ui/global/panel_generic_medium.png,ui/global,440x190,True,AI-UI-atlas-crop,V04 master / V05 AI source atlas / protected owner asset,"decode=PASS;size=(440, 190);alpha=True",PASS_BUILDER_SOURCE_REVIEW,ae3c70a0d5a3ff498ff8d540ec05537498f1dfb885a8e78d359ac7fe28f00885,PASS
365,assets/ui_assets/ui/global/panel_generic_small.png,ui/global,440x190,True,AI-UI-atlas-crop,V04 master / V05 AI source atlas / protected owner asset,"decode=PASS;size=(440, 190);alpha=True",PASS_BUILDER_SOURCE_REVIEW,ae3c70a0d5a3ff498ff8d540ec05537498f1dfb885a8e78d359ac7fe28f00885,PASS
366,assets/ui_assets/ui/global/pause_icon.png,ui/global,128x128,True,AI-UI-atlas-crop,V04 master / V05 AI source atlas / protected owner asset,"decode=PASS;size=(128, 128);alpha=True",PASS_BUILDER_SOURCE_REVIEW,620855fa6b4bf3cb93d81bfa136d87e925c6440d25cc913232ac3cc0b9e92330,PASS
367,assets/ui_assets/ui/global/play_icon.png,ui/global,128x128,True,AI-UI-atlas-crop,V04 master / V05 AI source atlas / protected owner asset,"decode=PASS;size=(128, 128);alpha=True",PASS_BUILDER_SOURCE_REVIEW,04b8c9cd60460259eade197969f070adaf2070e076987110f43bc5c1cdb153a3,PASS
368,assets/ui_assets/ui/global/popup_frame.png,ui/global,440x190,True,AI-UI-atlas-crop,V04 master / V05 AI source atlas / protected owner asset,"decode=PASS;size=(440, 190);alpha=True",PASS_BUILDER_SOURCE_REVIEW,ae3c70a0d5a3ff498ff8d540ec05537498f1dfb885a8e78d359ac7fe28f00885,PASS
369,assets/ui_assets/ui/global/previous_arrow.png,ui/global,128x128,True,AI-UI-atlas-crop,V04 master / V05 AI source atlas / protected owner asset,"decode=PASS;size=(128, 128);alpha=True",PASS_BUILDER_SOURCE_REVIEW,10563abc755fb395d66e09b5f383f221cad08ee32b26be0fd488b1a70650001e,PASS
370,assets/ui_assets/ui/global/restart_icon.png,ui/global,128x128,True,AI-UI-atlas-crop,V04 master / V05 AI source atlas / protected owner asset,"decode=PASS;size=(128, 128);alpha=True",PASS_BUILDER_SOURCE_REVIEW,7490d2bb2c74f92265b56de14155f09d3cc65caa07491220a2987274b61b5d0d,PASS
371,assets/ui_assets/ui/global/reward_ready_badge.png,ui/global,128x128,True,AI-UI-atlas-crop,V04 master / V05 AI source atlas / protected owner asset,"decode=PASS;size=(128, 128);alpha=True",PASS_BUILDER_SOURCE_REVIEW,ced10a5e06c8b7de1ac62dfecbd71e4c5de57e804c8bb156b743a3730fbd5142,PASS
372,assets/ui_assets/ui/global/sale_badge_small.png,ui/global,128x128,True,AI-UI-atlas-crop,V04 master / V05 AI source atlas / protected owner asset,"decode=PASS;size=(128, 128);alpha=True",PASS_BUILDER_SOURCE_REVIEW,ced10a5e06c8b7de1ac62dfecbd71e4c5de57e804c8bb156b743a3730fbd5142,PASS
373,assets/ui_assets/ui/global/settings_icon.png,ui/global,128x128,True,AI-UI-atlas-crop,V04 master / V05 AI source atlas / protected owner asset,"decode=PASS;size=(128, 128);alpha=True",PASS_BUILDER_SOURCE_REVIEW,dcd121ec2df7d708e8776bd593ebe8eceb4a7fe42b6c7cfefccd760511d661e9,PASS
374,assets/ui_assets/ui/global/tab_active.png,ui/global,220x160,True,AI-UI-atlas-crop,V04 master / V05 AI source atlas / protected owner asset,"decode=PASS;size=(220, 160);alpha=True",PASS_BUILDER_SOURCE_REVIEW,453f549ea78aae913b65624214f271d07e694dccecf2f2224f1eea76ea2b5c9a,PASS
375,assets/ui_assets/ui/global/tab_inactive.png,ui/global,220x160,True,AI-UI-atlas-crop,V04 master / V05 AI source atlas / protected owner asset,"decode=PASS;size=(220, 160);alpha=True",PASS_BUILDER_SOURCE_REVIEW,5f8b6bf11f08b465d0179a6e8ab117946940b8ae7652d3fa5d862f37ab58acc2,PASS
376,assets/ui_assets/ui/global/tooltip_frame.png,ui/global,440x190,True,AI-UI-atlas-crop,V04 master / V05 AI source atlas / protected owner asset,"decode=PASS;size=(440, 190);alpha=True",PASS_BUILDER_SOURCE_REVIEW,ae3c70a0d5a3ff498ff8d540ec05537498f1dfb885a8e78d359ac7fe28f00885,PASS
377,assets/ui_assets/ui/rewards/big_chest_closed.png,ui/rewards,128x128,True,AI-UI-atlas-crop,V04 master / V05 AI source atlas / protected owner asset,"decode=PASS;size=(128, 128);alpha=True",PASS_BUILDER_SOURCE_REVIEW,a2205741de7d1987acdff539c24eeecd977270fde49e19d54361ca4d828bb452,PASS
378,assets/ui_assets/ui/rewards/big_chest_open.png,ui/rewards,128x128,True,AI-UI-atlas-crop,V04 master / V05 AI source atlas / protected owner asset,"decode=PASS;size=(128, 128);alpha=True",PASS_BUILDER_SOURCE_REVIEW,c3f7981a2b496b7d78057468b74de2d80c1c3d304295eb39fa506c9ce349c1e9,PASS
379,assets/ui_assets/ui/rewards/coin_icon.png,ui/rewards,128x128,True,AI-UI-atlas-crop,V04 master / V05 AI source atlas / protected owner asset,"decode=PASS;size=(128, 128);alpha=True",PASS_BUILDER_SOURCE_REVIEW,74f381f6e611d857e9ab42750c661259f470159f18ccfc11804ca0ee9c223301,PASS
380,assets/ui_assets/ui/rewards/gem_icon.png,ui/rewards,128x128,True,AI-UI-atlas-crop,V04 master / V05 AI source atlas / protected owner asset,"decode=PASS;size=(128, 128);alpha=True",PASS_BUILDER_SOURCE_REVIEW,585ecc1afb4e16864207b3396370d6295d6c372ea2f64bc6392719c5e8cdf35d,PASS
381,assets/ui_assets/ui/rewards/premium_chest_closed.png,ui/rewards,128x128,True,AI-UI-atlas-crop,V04 master / V05 AI source atlas / protected owner asset,"decode=PASS;size=(128, 128);alpha=True",PASS_BUILDER_SOURCE_REVIEW,b2022b835ff6928c596c09be970581530990add0d2a5f76f0375446fa4eab1eb,PASS
382,assets/ui_assets/ui/rewards/premium_chest_open.png,ui/rewards,128x128,True,AI-UI-atlas-crop,V04 master / V05 AI source atlas / protected owner asset,"decode=PASS;size=(128, 128);alpha=True",PASS_BUILDER_SOURCE_REVIEW,3d121736526e4cd0e814e3d5648368cb68cc2dffb69879c07d103479d2d0bbef,PASS
383,assets/ui_assets/ui/rewards/reward_frame_large.png,ui/rewards,440x190,True,AI-UI-atlas-crop,V04 master / V05 AI source atlas / protected owner asset,"decode=PASS;size=(440, 190);alpha=True",PASS_BUILDER_SOURCE_REVIEW,ae3c70a0d5a3ff498ff8d540ec05537498f1dfb885a8e78d359ac7fe28f00885,PASS
384,assets/ui_assets/ui/rewards/reward_frame_small.png,ui/rewards,440x190,True,AI-UI-atlas-crop,V04 master / V05 AI source atlas / protected owner asset,"decode=PASS;size=(440, 190);alpha=True",PASS_BUILDER_SOURCE_REVIEW,ae3c70a0d5a3ff498ff8d540ec05537498f1dfb885a8e78d359ac7fe28f00885,PASS
385,assets/ui_assets/ui/rewards/reward_glow.png,ui/rewards,220x160,True,AI-UI-atlas-crop,V04 master / V05 AI source atlas / protected owner asset,"decode=PASS;size=(220, 160);alpha=True",PASS_BUILDER_SOURCE_REVIEW,e23a9929fc45a49cb35746e678b5eeeae981f7e4348477fb6fff1fb758c8082b,PASS
386,assets/ui_assets/ui/rewards/small_chest_closed.png,ui/rewards,128x128,True,AI-UI-atlas-crop,V04 master / V05 AI source atlas / protected owner asset,"decode=PASS;size=(128, 128);alpha=True",PASS_BUILDER_SOURCE_REVIEW,22aaaf9d2dfb10276fbc46c5050fcc8100e6a00ead255694c8859bfc6e7c7225,PASS
387,assets/ui_assets/ui/rewards/small_chest_open.png,ui/rewards,128x128,True,AI-UI-atlas-crop,V04 master / V05 AI source atlas / protected owner asset,"decode=PASS;size=(128, 128);alpha=True",PASS_BUILDER_SOURCE_REVIEW,fb7e4d3d5f6757e9f53c0c8f0e6e3b9167742f002a5c1522f3dff618051ca9ae,PASS
388,assets/ui_assets/ui/rewards/star_empty.png,ui/rewards,128x128,True,AI-UI-atlas-crop,V04 master / V05 AI source atlas / protected owner asset,"decode=PASS;size=(128, 128);alpha=True",PASS_BUILDER_SOURCE_REVIEW,b2022b835ff6928c596c09be970581530990add0d2a5f76f0375446fa4eab1eb,PASS
389,assets/ui_assets/ui/rewards/star_filled.png,ui/rewards,128x128,True,AI-UI-atlas-crop,V04 master / V05 AI source atlas / protected owner asset,"decode=PASS;size=(128, 128);alpha=True",PASS_BUILDER_SOURCE_REVIEW,94692da8b8525aec44c41847912cb673a721bc271cc1e8a807e17cf0a911a2a9,PASS
390,assets/ui_assets/ui/rewards/star_large_empty.png,ui/rewards,128x128,True,AI-UI-atlas-crop,V04 master / V05 AI source atlas / protected owner asset,"decode=PASS;size=(128, 128);alpha=True",PASS_BUILDER_SOURCE_REVIEW,a2205741de7d1987acdff539c24eeecd977270fde49e19d54361ca4d828bb452,PASS
391,assets/ui_assets/ui/rewards/star_large_filled.png,ui/rewards,128x128,True,AI-UI-atlas-crop,V04 master / V05 AI source atlas / protected owner asset,"decode=PASS;size=(128, 128);alpha=True",PASS_BUILDER_SOURCE_REVIEW,ff2c52cb052eddbafe619cc4776f10ced0fc5de5739c1b6e0f033ba90303db20,PASS
392,assets/ui_assets/ui/star_track/star_track_checkpoint.png,ui/star_track,128x128,True,AI-UI-atlas-crop,V04 master / V05 AI source atlas / protected owner asset,"decode=PASS;size=(128, 128);alpha=True",PASS_BUILDER_SOURCE_REVIEW,5680c67ad53f87a53441fa97d6fc2c50ebe1ec71d1cb391cd3b3aba29cae4ca7,PASS
393,assets/ui_assets/ui/star_track/star_track_chest_large.png,ui/star_track,128x128,True,AI-UI-atlas-crop,V04 master / V05 AI source atlas / protected owner asset,"decode=PASS;size=(128, 128);alpha=True",PASS_BUILDER_SOURCE_REVIEW,5680c67ad53f87a53441fa97d6fc2c50ebe1ec71d1cb391cd3b3aba29cae4ca7,PASS
394,assets/ui_assets/ui/star_track/star_track_chest_small.png,ui/star_track,128x128,True,AI-UI-atlas-crop,V04 master / V05 AI source atlas / protected owner asset,"decode=PASS;size=(128, 128);alpha=True",PASS_BUILDER_SOURCE_REVIEW,5680c67ad53f87a53441fa97d6fc2c50ebe1ec71d1cb391cd3b3aba29cae4ca7,PASS
395,assets/ui_assets/ui/star_track/star_track_claimed.png,ui/star_track,128x128,True,AI-UI-atlas-crop,V04 master / V05 AI source atlas / protected owner asset,"decode=PASS;size=(128, 128);alpha=True",PASS_BUILDER_SOURCE_REVIEW,ced10a5e06c8b7de1ac62dfecbd71e4c5de57e804c8bb156b743a3730fbd5142,PASS
396,assets/ui_assets/ui/star_track/star_track_fill.png,ui/star_track,128x128,True,AI-UI-atlas-crop,V04 master / V05 AI source atlas / protected owner asset,"decode=PASS;size=(128, 128);alpha=True",PASS_BUILDER_SOURCE_REVIEW,5680c67ad53f87a53441fa97d6fc2c50ebe1ec71d1cb391cd3b3aba29cae4ca7,PASS
397,assets/ui_assets/ui/star_track/star_track_marker.png,ui/star_track,128x128,True,AI-UI-atlas-crop,V04 master / V05 AI source atlas / protected owner asset,"decode=PASS;size=(128, 128);alpha=True",PASS_BUILDER_SOURCE_REVIEW,5680c67ad53f87a53441fa97d6fc2c50ebe1ec71d1cb391cd3b3aba29cae4ca7,PASS
398,assets/ui_assets/ui/star_track/star_track_panel.png,ui/star_track,128x128,True,AI-UI-atlas-crop,V04 master / V05 AI source atlas / protected owner asset,"decode=PASS;size=(128, 128);alpha=True",PASS_BUILDER_SOURCE_REVIEW,5680c67ad53f87a53441fa97d6fc2c50ebe1ec71d1cb391cd3b3aba29cae4ca7,PASS
